pos,offense,off_pct,defense,def_pct,special_teams,st_pct,player_id,player_name,team
CB,0,0.00%,44,78.57%,8,32.00%,BurkDe01,Denzel Burke,crd
CB,0,0.00%,5,8.93%,9,36.00%,KingKa00,Kalen King,crd
CB,0,0.00%,9,16.07%,4,16.00%,ClarKe02,Kei'Trel Clark,crd
CB,0,0.00%,24,42.86%,7,28.00%,MeltMa00,Max Melton,crd
CB,0,0.00%,53,94.64%,1,4.00%,JohnWi02,Will Johnson,crd
DL,0,0.00%,19,33.93%,2,8.00%,RobiDa01,Darius Robinson,crd
DL,0,0.00%,19,33.93%,2,8.00%,CollLJ00,L.J. Collier,crd
DL,0,0.00%,26,46.43%,0,0.00%,LopeRo00,Roy Lopez,crd
DL,0,0.00%,36,64.29%,0,0.00%,NoleWa00,Walter Nolen,crd
DT,0,0.00%,32,57.14%,2,8.00%,StilDa01,Dante Stills,crd
K,0,0.00%,0,0.00%,13,52.00%,RylaCh00,Chad Ryland,crd
LB,0,0.00%,27,48.21%,2,8.00%,BrowBa01,Baron Browning,crd
LB,0,0.00%,0,0.00%,17,68.00%,SimoCo01,Cody Simon,crd
LB,0,0.00%,8,14.29%,12,48.00%,LeotEk00,Eku Leota,crd
LB,0,0.00%,54,96.43%,11,44.00%,GibbJa00,Jack Gibbens,crd
LB,0,0.00%,21,37.50%,14,56.00%,BurcJo00,Jordan Burch,crd
LB,0,0.00%,29,51.79%,0,0.00%,SweaJo00,Josh Sweat,crd
LB,0,0.00%,0,0.00%,17,68.00%,SharKa00,Karson Sharar,crd
LB,0,0.00%,55,98.21%,0,0.00%,WilsMa03,Mack Wilson,crd
LB,0,0.00%,27,48.21%,5,20.00%,CollZa00,Zaven Collins,crd
LS,0,0.00%,0,0.00%,10,40.00%,KreiCa00,Casey Kreiter,crd
OL,75,93.75%,0,0.00%,7,28.00%,WilkEl00,Elijah Wilkinson,crd
OL,3,3.75%,0,0.00%,7,28.00%,ConnHa00,Hayden Conner,crd
OL,75,93.75%,0,0.00%,0,0.00%,FrohHj00,Hjalte Froholdt,crd
OL,72,90.00%,0,0.00%,7,28.00%,SeumIs00,Isaac Seumalo,crd
OL,7,8.75%,0,0.00%,7,28.00%,WillJa16,Jayden Williams,crd
OL,75,93.75%,0,0.00%,7,28.00%,GainJo00,Jon Gaines,crd
OL,0,0.00%,0,0.00%,7,28.00%,FryaJo00,Josh Fryar,crd
OL,75,93.75%,0,0.00%,7,28.00%,JohnPa03,Paris Johnson,crd
P,0,0.00%,0,0.00%,10,40.00%,GillBl00,Blake Gillikin,crd
QB,75,93.75%,0,0.00%,0,0.00%,BrisJa00,Jacoby Brissett,crd
RB,32,40.00%,0,0.00%,0,0.00%,LoveJe00,Jeremiyah Love,crd
RB,44,55.00%,0,0.00%,0,0.00%,AllgTy00,Tyler Allgeier,crd
RB,3,3.75%,0,0.00%,3,12.00%,KnigZo00,Zonovan Knight,crd
S,0,0.00%,55,98.21%,3,12.00%,WingAn01,Andrew Wingard,crd
S,0,0.00%,55,98.21%,0,0.00%,BakeBu00,Budda Baker,crd
S,0,0.00%,7,12.50%,14,56.00%,CrawKi00,Kitan Crawford,crd
S,0,0.00%,0,0.00%,5,20.00%,WillWy00,Wydett Williams,crd
TE,20,25.00%,0,0.00%,6,24.00%,HiggEl00,Elijah Higgins,crd
TE,26,32.50%,0,0.00%,13,52.00%,LongHu00,Hunter Long,crd
TE,60,75.00%,0,0.00%,0,0.00%,McBrTr01,Trey McBride,crd
WR,0,0.00%,0,0.00%,6,24.00%,DuveDe00,Devin Duvernay,crd
WR,4,5.00%,0,0.00%,3,12.00%,BrooJa03,Jalen Brooks,crd
WR,50,62.50%,0,0.00%,0,0.00%,BourKe00,Kendrick Bourne,crd
WR,59,73.75%,0,0.00%,0,0.00%,HarrMa09,Marvin Harrison Jr.,crd
WR,64,80.00%,0,0.00%,0,0.00%,WilsMi02,Michael Wilson,crd
WR,6,7.50%,0,0.00%,15,60.00%,FehoSi00,Simi Fehoko,crd
C,0,0.00%,0,0.00%,5,15.15%,LeviCo00,Corey Levin,atl
CB,0,0.00%,62,87.32%,0,0.00%,TerrAJ00,AJ Terrell,atl
CB,0,0.00%,23,32.39%,0,0.00%,TerrAv00,Avieon Terrell,atl
CB,0,0.00%,5,7.04%,10,30.30%,HendCJ00,C.J. Henderson,atl
CB,0,0.00%,0,0.00%,25,75.76%,FordMi01,Mike Ford,atl
CB,0,0.00%,67,94.37%,0,0.00%,HughMi00,Mike Hughes,atl
DB,0,0.00%,29,40.85%,20,60.61%,BrowSy00,Sydney Brown,atl
DE,0,0.00%,14,19.72%,4,12.12%,TricBr00,Bralen Trice,atl
DE,0,0.00%,34,47.89%,0,0.00%,ThomCa03,Cameron Thomas,atl
DE,0,0.00%,39,54.93%,0,0.00%,EbukSa00,Samson Ebukam,atl
DE,0,0.00%,16,22.54%,0,0.00%,SmitZa00,Za'Darius Smith,atl
DL,0,0.00%,41,57.75%,6,18.18%,DorlBr00,Brandon Dorlus,atl
DL,0,0.00%,34,47.89%,7,21.21%,LondLa00,LaCale London,atl
DL,0,0.00%,38,53.52%,7,21.21%,SmitMa07,Maason Smith,atl
DT,0,0.00%,7,9.86%,0,0.00%,HandDa00,Da'Shawn Hand,atl
DT,0,0.00%,39,54.93%,7,21.21%,DextGe00,Gervon Dexter,atl
G,51,76.12%,0,0.00%,4,12.12%,LindCh00,Chris Lindstrom,atl
K,0,0.00%,0,0.00%,8,24.24%,FolkNi20,Nick Folk,atl
LB,0,0.00%,67,94.37%,12,36.36%,DeabDi00,Divine Deablo,atl
LB,0,0.00%,23,32.39%,15,45.45%,PerkHa01,Harold Perkins,atl
LB,0,0.00%,18,25.35%,0,0.00%,IveyJa00,Jared Ivey,atl
LB,0,0.00%,0,0.00%,25,75.76%,WoodJo02,Josh Woods,atl
LB,0,0.00%,45,63.38%,14,42.42%,DaniKe00,Kendal Daniels,atl
LB,0,0.00%,2,2.82%,18,54.55%,AbduYa00,Yasir Abdullah,atl
LS,0,0.00%,0,0.00%,11,33.33%,McCuLi00,Liam McCullough,atl
OL,9,13.43%,0,0.00%,5,15.15%,HintKy00,Kyle Hinton,atl
OL,60,89.55%,0,0.00%,5,15.15%,BergMa00,Matthew Bergeron,atl
OL,2,2.99%,0,0.00%,4,12.12%,JerrMi00,Michael Jerrell,atl
OL,60,89.55%,0,0.00%,1,3.03%,NeuzRy00,Ryan Neuzil,atl
P,0,0.00%,0,0.00%,12,36.36%,BailJa00,Jake Bailey,atl
QB,60,89.55%,0,0.00%,0,0.00%,RushCo00,Cooper Rush,atl
RB,46,68.66%,0,0.00%,0,0.00%,RobiBi01,Bijan Robinson,atl
RB,15,22.39%,0,0.00%,3,9.09%,RobiBr01,Brian Robinson Jr.,atl
S,0,0.00%,0,0.00%,25,75.76%,HellDe00,DeMarcco Hellams,atl
S,0,0.00%,67,94.37%,0,0.00%,BateJe00,Jessie Bates III,atl
S,0,0.00%,67,94.37%,4,12.12%,WattXa00,Xavier Watts,atl
T,60,89.55%,0,0.00%,5,15.15%,MattJa00,Jake Matthews,atl
T,60,89.55%,0,0.00%,1,3.03%,TaylJa02,Jawaan Taylor,atl
TE,14,20.90%,0,0.00%,5,15.15%,HoopAu00,Austin Hooper,atl
TE,37,55.22%,0,0.00%,16,48.48%,WoerCh00,Charlie Woerner,atl
TE,38,56.72%,0,0.00%,0,0.00%,PittKy00,Kyle Pitts,atl
TE,5,7.46%,0,0.00%,23,69.70%,MuseNi00,Nick Muse,atl
WR,10,14.93%,0,0.00%,12,36.36%,BlaiCh00,Chris Blair,atl
WR,59,88.06%,0,0.00%,0,0.00%,LondDr00,Drake London,atl
WR,38,56.72%,0,0.00%,0,0.00%,DotsJa00,Jahan Dotson,atl
WR,18,26.87%,0,0.00%,5,15.15%,ZaccOl01,Olamide Zaccheaus,atl
WR,18,26.87%,0,0.00%,6,18.18%,BranZa00,Zachariah Branch,atl
CB,0,0.00%,6,10.91%,8,24.24%,AwuzCh00,Chidobe Awuzie,rav
CB,0,0.00%,23,41.82%,16,48.48%,MartKe03,Keyon Martin,rav
CB,0,0.00%,48,87.27%,0,0.00%,HumpMa00,Marlon Humphrey,rav
CB,0,0.00%,54,98.18%,0,0.00%,WiggNa00,Nate Wiggins,rav
CB,0,0.00%,0,0.00%,5,15.15%,TampTJ00,T.J. Tampa,rav
DL,0,0.00%,10,18.18%,0,0.00%,PeebAe00,Aeneas Peebles,rav
DL,0,0.00%,21,38.18%,5,15.15%,WashBr01,Broderick Washington Jr.,rav
DL,0,0.00%,29,52.73%,11,33.33%,CampCa99,Calais Campbell,rav
DL,0,0.00%,31,56.36%,12,36.36%,JoneTr00,Travis Jones,rav
G,0,0.00%,0,0.00%,7,21.21%,VorhAn00,Andrew Vorhees,rav
G,68,97.14%,0,0.00%,7,21.21%,SimpJo00,John Simpson,rav
G,68,97.14%,0,0.00%,7,21.21%,IoanOl00,Olaivavega Ioane,rav
K,0,0.00%,0,0.00%,14,42.42%,LoopTy00,Tyler Loop,rav
LB,0,0.00%,0,0.00%,19,57.58%,JoneCa05,Carl Jones,rav
LB,0,0.00%,0,0.00%,21,63.64%,BurkEt00,Ethan Burke,rav
LB,0,0.00%,0,0.00%,24,72.73%,HiggJa01,Jay Higgins,rav
LB,0,0.00%,17,30.91%,7,21.21%,GreeMi02,Mike Green,rav
LB,0,0.00%,54,98.18%,0,0.00%,SmitRo07,Roquan Smith,rav
LB,0,0.00%,44,80.00%,17,51.52%,RobiTa00,Tavius Robinson,rav
LB,0,0.00%,32,58.18%,11,33.33%,SimpTr00,Trenton Simpson,rav
LB,0,0.00%,40,72.73%,0,0.00%,HendTr00,Trey Hendrickson,rav
LB,0,0.00%,12,21.82%,9,27.27%,YounZi00,Zion Young,rav
LS,0,0.00%,0,0.00%,10,30.30%,MoorNi00,Nick Moore,rav
NT,0,0.00%,13,23.64%,0,0.00%,JenkJo00,John Jenkins,rav
OL,68,97.14%,0,0.00%,0,0.00%,GwynJo00,Jovaughn Gwyn,rav
P,0,0.00%,0,0.00%,10,30.30%,EcklRy00,Ryan Eckley,rav
QB,68,97.14%,0,0.00%,0,0.00%,JackLa00,Lamar Jackson,rav
RB,37,52.86%,0,0.00%,0,0.00%,HenrDe00,Derrick Henry,rav
RB,31,44.29%,0,0.00%,1,3.03%,HillJu00,Justice Hill,rav
RB,0,0.00%,0,0.00%,14,42.42%,AlixRa00,Rasheen Ali,rav
S,0,0.00%,52,94.55%,6,18.18%,HawkJa00,Jaylinn Hawkins,rav
S,0,0.00%,0,0.00%,24,72.73%,JackKe03,Keondre Jackson,rav
S,0,0.00%,54,98.18%,0,0.00%,HamiKy00,Kyle Hamilton,rav
S,0,0.00%,54,98.18%,12,36.36%,StarMa00,Malaki Starks,rav
T,7,10.00%,0,0.00%,7,21.21%,VinsCa00,Carson Vinson,rav
T,68,97.14%,0,0.00%,7,21.21%,RoseRo01,Roger Rosengarten,rav
T,68,97.14%,0,0.00%,0,0.00%,StanRo00,Ronnie Stanley,rav
TE,42,60.00%,0,0.00%,8,24.24%,SmytDu00,Durham Smythe,rav
TE,6,8.57%,0,0.00%,8,24.24%,CuevJo00,Josh Cuevas,rav
TE,49,70.00%,0,0.00%,0,0.00%,AndrMa00,Mark Andrews,rav
TE,23,32.86%,0,0.00%,9,27.27%,HibnMa00,Matthew Hibner,rav
WR,25,35.71%,0,0.00%,16,48.48%,MoorCh00,Chris Moore,rav
WR,27,38.57%,0,0.00%,0,0.00%,LaneJa01,Ja'Kobi Lane,rav
WR,20,28.57%,0,0.00%,9,27.27%,WestLa01,LaJohntay Wester,rav
WR,53,75.71%,0,0.00%,0,0.00%,BateRa00,Rashod Bateman,rav
WR,20,28.57%,0,0.00%,0,0.00%,FlowZa00,Zay Flowers,rav
C,132,95.65%,0,0.00%,12,18.18%,AndeAl01,Alec Anderson,buf
C,132,95.65%,0,0.00%,0,0.00%,McGoCo01,Connor McGovern,buf
C,0,0.00%,0,0.00%,12,18.18%,CushLl00,Lloyd Cushenberry III,buf
CB,0,0.00%,143,97.28%,0,0.00%,BenfCh00,Christian Benford,buf
CB,0,0.00%,27,18.37%,27,40.91%,IgbiDa01,Davison Igbinosun,buf
CB,0,0.00%,86,58.50%,10,15.15%,AlfoDe00,DeAundre Alford,buf
CB,0,0.00%,115,78.23%,16,24.24%,HairMa00,Maxwell Hairston,buf
DB,0,0.00%,13,8.84%,42,63.64%,HancJo00,Jordan Hancock,buf
DB,0,0.00%,0,0.00%,46,69.70%,FranSa00,Sam Franklin,buf
DL,0,0.00%,95,64.63%,16,24.24%,WalkDe04,Deone Walker,buf
DL,0,0.00%,49,33.33%,8,12.12%,CartDe03,DeWayne Carter,buf
DL,0,0.00%,65,44.22%,0,0.00%,OlivEd00,Ed Oliver,buf
DL,0,0.00%,33,22.45%,9,13.64%,GainGr00,Greg Gaines,buf
DL,0,0.00%,57,38.78%,21,31.82%,JackLa03,Landon Jackson,buf
G,0,0.00%,0,0.00%,12,18.18%,CorbAu00,Austin Corbett,buf
G,132,95.65%,0,0.00%,12,18.18%,TorrOC00,O'Cyrus Torrence,buf
K,0,0.00%,0,0.00%,27,40.91%,BassTy00,Tyler Bass,buf
LB,0,0.00%,105,71.43%,0,0.00%,ChubBr00,Bradley Chubb,buf
LB,0,0.00%,90,61.22%,16,24.24%,WillDo04,Dorian Williams,buf
LB,0,0.00%,106,72.11%,9,13.64%,RousGr00,Gregory Rousseau,buf
LB,0,0.00%,23,15.65%,29,43.94%,SoloJa00,Javon Solomon,buf
LB,0,0.00%,0,0.00%,43,65.15%,AndrJo02,Joe Andreessen,buf
LB,0,0.00%,20,13.61%,32,48.48%,ElarKa00,Kaleb Elarms-Orr,buf
LB,0,0.00%,8,5.44%,1,1.52%,DannMi00,Michael Danna,buf
LB,0,0.00%,51,34.69%,38,57.58%,HoecMi00,Michael Hoecht,buf
LB,0,0.00%,31,21.09%,33,50.00%,ParkTJ00,T.J. Parker,buf
LB,0,0.00%,144,97.96%,6,9.09%,BernTe00,Terrel Bernard,buf
LS,0,0.00%,0,0.00%,16,24.24%,FergRe00,Reid Ferguson,buf
P,0,0.00%,0,0.00%,16,24.24%,DomaTo00,Tommy Doman,buf
QB,132,95.65%,0,0.00%,0,0.00%,AlleJo02,Josh Allen,buf
RB,20,14.49%,0,0.00%,8,12.12%,GoreFr01,Frank Gore Jr.,buf
RB,97,70.29%,0,0.00%,0,0.00%,CookJa01,James Cook,buf
RB,15,10.87%,0,0.00%,11,16.67%,DaviRa04,Ray Davis,buf
S,0,0.00%,144,97.96%,0,0.00%,GardCh00,C.J. Gardner-Johnson,buf
S,0,0.00%,137,93.20%,2,3.03%,BishCo00,Cole Bishop,buf
S,0,0.00%,42,28.57%,32,48.48%,HamlDa00,Damar Hamlin,buf
T,132,95.65%,0,0.00%,12,18.18%,DawkDi00,Dion Dawkins,buf
T,132,95.65%,0,0.00%,12,18.18%,BrowSp00,Spencer Brown,buf
T,3,2.17%,0,0.00%,0,0.00%,GrabTy00,Tylan Grable,buf
TE,91,65.94%,0,0.00%,0,0.00%,KincDa00,Dalton Kincaid,buf
TE,95,68.84%,0,0.00%,1,1.52%,KnoxDa00,Dawson Knox,buf
TE,62,44.93%,0,0.00%,15,22.73%,HaweJa00,Jackson Hawes,buf
TE,10,7.25%,0,0.00%,37,56.06%,LatuKe00,Keleki Latu,buf
WR,67,48.55%,0,0.00%,0,0.00%,MoorD.00,D.J. Moore,buf
WR,4,2.90%,0,0.00%,18,27.27%,DortGr01,Greg Dortch,buf
WR,46,33.33%,0,0.00%,0,0.00%,PalmJo00,Josh Palmer,buf
WR,84,60.87%,0,0.00%,1,1.52%,ColeKe02,Keon Coleman,buf
WR,67,48.55%,0,0.00%,1,1.52%,ShakKh00,Khalil Shakir,buf
C,61,61.00%,0,0.00%,0,0.00%,FortLu01,Luke Fortner,car
C,7,7.00%,0,0.00%,6,15.00%,HechSa00,Sam Hecht,car
CB,0,0.00%,0,0.00%,13,32.50%,EvanAk00,Akayleb Evans,car
CB,0,0.00%,19,19.00%,16,40.00%,SmitCh05,Chau Smith-Wade,car
CB,0,0.00%,75,75.00%,0,0.00%,HornJa00,Jaycee Horn,car
CB,0,0.00%,75,75.00%,9,22.50%,JackMi01,Michael Jackson,car
CB,0,0.00%,27,27.00%,2,5.00%,LeexWi00,Will Lee,car
DT,0,0.00%,34,34.00%,9,22.50%,HallAa00,Aaron Hall,car
DT,0,0.00%,39,39.00%,1,2.50%,BrowBo04,Bobby Brown,car
DT,0,0.00%,46,46.00%,9,22.50%,BrowDe05,Derrick Brown,car
DT,0,0.00%,34,34.00%,8,20.00%,HuntLe00,Lee Hunter,car
DT,0,0.00%,22,22.00%,9,22.50%,EdwaTe01,TeRah Edwards,car
G,66,66.00%,0,0.00%,6,15.00%,LewiDa05,Damien Lewis,car
G,61,61.00%,0,0.00%,6,15.00%,HuntRo01,Robert Hunt,car
K,1,1.00%,0,0.00%,12,30.00%,FitzRy01,Ryan Fitzgerald,car
LB,0,0.00%,66,66.00%,0,0.00%,OkerBo00,Bobby Okereke,car
LB,0,0.00%,1,1.00%,31,77.50%,CherCl00,Claudin Cherelus,car
LB,0,0.00%,74,74.00%,0,0.00%,LloyDe00,Devin Lloyd,car
LB,0,0.00%,0,0.00%,22,55.00%,KuwaJa00,Jackson Kuwatch,car
LB,0,0.00%,58,58.00%,0,0.00%,PhilJa02,Jaelan Phillips,car
LB,0,0.00%,15,15.00%,9,22.50%,MoonJe00,Jeremiah Moon,car
LB,0,0.00%,35,35.00%,0,0.00%,UmanPr00,Princely Umanmielen,car
LB,0,0.00%,4,4.00%,31,77.50%,IncoTh00,Thomas Incoom,car
LB,0,0.00%,45,45.00%,9,22.50%,GipsTr00,Trevis Gipson,car
LS,0,0.00%,0,0.00%,9,22.50%,JansJ.00,J.J. Jansen,car
P,0,0.00%,0,0.00%,10,25.00%,MartSa01,Sam Martin,car
QB,61,61.00%,0,0.00%,0,0.00%,YounBr01,Bryce Young,car
QB,7,7.00%,0,0.00%,0,0.00%,PickKe00,Kenny Pickett,car
RB,7,7.00%,0,0.00%,0,0.00%,DillAJ00,AJ Dillon,car
RB,48,48.00%,0,0.00%,0,0.00%,HubbCh01,Chuba Hubbard,car
RB,13,13.00%,0,0.00%,0,0.00%,BrooJo02,Jonathon Brooks,car
S,0,0.00%,0,0.00%,31,77.50%,SimmIs00,Isaiah Simmons,car
S,0,0.00%,9,9.00%,31,77.50%,RansLa00,Lathan Ransom,car
S,0,0.00%,72,72.00%,0,0.00%,ScotNi01,Nick Scott,car
S,0,0.00%,75,75.00%,0,0.00%,MoehTr00,Tre'von Moehrig,car
T,9,9.00%,0,0.00%,6,15.00%,BullCo00,Corey Bullock,car
T,61,61.00%,0,0.00%,6,15.00%,FreeMo00,Monroe Freeling,car
T,68,68.00%,0,0.00%,6,15.00%,WalkRa00,Rasheed Walker,car
T,10,10.00%,0,0.00%,6,15.00%,ForsSt00,Stone Forsythe,car
TE,24,24.00%,0,0.00%,0,0.00%,WallDa01,Darren Waller,car
TE,5,5.00%,0,0.00%,22,55.00%,FranFe00,Feleipe Franks,car
TE,27,27.00%,0,0.00%,17,42.50%,EvanMi01,Mitchell Evans,car
TE,38,38.00%,0,0.00%,11,27.50%,TremTo00,Tommy Tremble,car
WR,12,12.00%,0,0.00%,22,55.00%,TremBr00,Brycen Tremayne,car
WR,57,57.00%,0,0.00%,0,0.00%,CokeJa01,Jalen Coker,car
WR,14,14.00%,0,0.00%,12,30.00%,HornJi00,Jimmy Horn,car
WR,56,56.00%,0,0.00%,0,0.00%,McMiTe00,Tetairoa McMillan,car
WR,36,36.00%,0,0.00%,10,25.00%,LegeXa00,Xavier Legette,car
DB,0,0.00%,65,86.67%,3,7.50%,LewiCa00,Cameron Lewis,chi
DB,0,0.00%,0,0.00%,6,15.00%,PhilCl00,Clark Phillips,chi
DB,0,0.00%,68,90.67%,17,42.50%,ThieDi00,Dillon Thieneman,chi
DB,0,0.00%,9,12.00%,26,65.00%,HickEl00,Elijah Hicks,chi
DB,0,0.00%,65,86.67%,0,0.00%,JohnJa13,Jaylon Johnson,chi
DB,0,0.00%,0,0.00%,28,70.00%,BlacJo00,Josh Blackwell,chi
DB,0,0.00%,52,69.33%,9,22.50%,MuhaMa00,Malik Muhammad,chi
DB,0,0.00%,3,4.00%,20,50.00%,ThomSk01,Skyler Thomas,chi
DB,0,0.00%,54,72.00%,1,2.50%,StevTy01,Tyrique Stevenson,chi
DL,0,0.00%,40,53.33%,0,0.00%,BookAu00,Austin Booker,chi
DL,0,0.00%,7,9.33%,26,65.00%,HardDa01,Daniel Hardy,chi
DL,0,0.00%,43,57.33%,6,15.00%,OdeyDa00,Dayo Odeyingbo,chi
DL,0,0.00%,44,58.67%,1,2.50%,JarrGr00,Grady Jarrett,chi
DL,0,0.00%,22,29.33%,1,2.50%,LyncJa00,James Lynch,chi
DL,0,0.00%,22,29.33%,6,15.00%,vandJo00,Jordan van den Berg,chi
DL,0,0.00%,29,38.67%,7,17.50%,StreKe00,Kentavius Street,chi
DL,0,0.00%,43,57.33%,1,2.50%,SweaMo00,Montez Sweat,chi
DL,0,0.00%,29,38.67%,6,15.00%,GallNe00,Neville Gallimore,chi
K,0,0.00%,0,0.00%,19,47.50%,SantCa01,Cairo Santos,chi
LB,0,0.00%,20,26.67%,8,20.00%,JackDM00,D'Marco Jackson,chi
LB,0,0.00%,65,86.67%,1,2.50%,BushDe01,Devin Bush Jr.,chi
LB,0,0.00%,0,0.00%,27,67.50%,SanbJa00,Jack Sanborn,chi
LB,0,0.00%,0,0.00%,18,45.00%,ElliKe03,Keyshaun Elliott,chi
LB,0,0.00%,68,90.67%,2,5.00%,EdwaTJ02,T.J. Edwards,chi
LS,0,0.00%,0,0.00%,11,27.50%,GardBe01,Beau Gardner,chi
OL,56,72.73%,0,0.00%,9,22.50%,JoneBr08,Braxton Jones,chi
OL,75,97.40%,0,0.00%,9,22.50%,WrigDa00,Darnell Wright,chi
OL,75,97.40%,0,0.00%,0,0.00%,BradGa00,Garrett Bradbury,chi
OL,75,97.40%,0,0.00%,0,0.00%,ThunJo00,Joe Thuney,chi
OL,75,97.40%,0,0.00%,9,22.50%,JackJo03,Jonah Jackson,chi
OL,0,0.00%,0,0.00%,9,22.50%,JoneLo01,Logan Jones,chi
OL,0,0.00%,0,0.00%,9,22.50%,NewmLu00,Luke Newman,chi
OL,19,24.68%,0,0.00%,9,22.50%,BeneTh00,Theo Benedet,chi
P,0,0.00%,0,0.00%,11,27.50%,TaylTo01,Tory Taylor,chi
QB,75,97.40%,0,0.00%,0,0.00%,WillCa03,Caleb Williams,chi
RB,43,55.84%,0,0.00%,0,0.00%,SwifDA00,D'Andre Swift,chi
RB,32,41.56%,0,0.00%,0,0.00%,MonaKy00,Kyle Monangai,chi
RB,0,0.00%,0,0.00%,21,52.50%,JohnRo07,Roschon Johnson,chi
TE,43,55.84%,0,0.00%,10,25.00%,KmetCo00,Cole Kmet,chi
TE,65,84.42%,0,0.00%,1,2.50%,LoveCo00,Colston Loveland,chi
TE,12,15.58%,0,0.00%,28,70.00%,RousSa00,Sam Roush,chi
WR,34,44.16%,0,0.00%,16,40.00%,WalkJa03,Jahdae Walker,chi
WR,10,12.99%,0,0.00%,4,10.00%,DaviKa02,Kaden Davis,chi
WR,45,58.44%,0,0.00%,4,10.00%,RaymKa00,Kalif Raymond,chi
WR,55,71.43%,0,0.00%,1,2.50%,BurdLu00,Luther Burden,chi
WR,36,46.75%,0,0.00%,1,2.50%,OdunRo00,Rome Odunze,chi
WR,0,0.00%,0,0.00%,6,15.00%,ThomZa05,Zavion Thomas,chi
C,1,1.49%,0,0.00%,0,0.00%,BayeJa00,Jacob Bayer,cin
C,64,95.52%,0,0.00%,7,25.93%,KarrTe00,Ted Karras,cin
CB,0,0.00%,57,95.00%,5,18.52%,HillDa04,Daxton Hill,cin
CB,0,0.00%,6,10.00%,20,74.07%,IveyDJ00,DJ Ivey,cin
CB,0,0.00%,56,93.33%,0,0.00%,TurnDJ01,DJ Turner,cin
CB,0,0.00%,45,75.00%,0,0.00%,DaviJa06,Jalen Davis,cin
CB,0,0.00%,4,6.67%,8,29.63%,DaviTa01,Tacario Davis,cin
DE,0,0.00%,37,61.67%,0,0.00%,MafeBo00,Boye Mafe,cin
DE,0,0.00%,25,41.67%,0,0.00%,HoweCa00,Cashius Howell,cin
DE,0,0.00%,19,31.67%,14,51.85%,JohnCe01,Cedric Johnson,cin
DE,0,0.00%,34,56.67%,5,18.52%,MurpMy00,Myles Murphy,cin
DT,0,0.00%,24,40.00%,0,0.00%,HillB.00,B.J. Hill,cin
DT,0,0.00%,35,58.33%,5,18.52%,LawrDe03,Dexter Lawrence,cin
DT,0,0.00%,32,53.33%,0,0.00%,AlleJo01,Jonathan Allen,cin
DT,0,0.00%,8,13.33%,5,18.52%,JenkKr01,Kris Jenkins,cin
DT,0,0.00%,21,35.00%,5,18.52%,SlatTe00,Tedarrell Slaton,cin
G,64,95.52%,0,0.00%,7,25.93%,RisnDa00,Dalton Risner,cin
G,64,95.52%,0,0.00%,7,25.93%,FairDy00,Dylan Fairchild,cin
G,0,0.00%,0,0.00%,7,25.93%,RiveJa00,Jalen Rivers,cin
HB,46,68.66%,0,0.00%,0,0.00%,BrowCh10,Chase Brown,cin
HB,18,26.87%,0,0.00%,10,37.04%,PeriSa00,Samaje Perine,cin
HB,2,2.99%,0,0.00%,6,22.22%,BrooTa00,Tahj Brooks,cin
K,0,0.00%,0,0.00%,15,55.56%,McPhEv00,Evan McPherson,cin
LB,0,0.00%,57,95.00%,5,18.52%,CartBa00,Barrett Carter,cin
LB,0,0.00%,51,85.00%,0,0.00%,KnigDe00,Demetrius Knight,cin
LB,0,0.00%,0,0.00%,13,48.15%,GileJo01,Joe Giles-Harris,cin
LB,0,0.00%,3,5.00%,20,74.07%,BurkOr00,Oren Burks,cin
LB,0,0.00%,0,0.00%,15,55.56%,BozeSw00,Swayze Bozeman,cin
LS,0,0.00%,0,0.00%,8,29.63%,WagnWi00,William Wagner,cin
P,0,0.00%,0,0.00%,8,29.63%,RehkRy00,Ryan Rehkow,cin
QB,64,95.52%,0,0.00%,0,0.00%,BurrJo01,Joe Burrow,cin
QB,0,0.00%,0,0.00%,0,0.00%,FlacJo00,Joe Flacco,cin
S,0,0.00%,57,95.00%,0,0.00%,CookBr02,Bryan Cook,cin
S,0,0.00%,56,93.33%,13,48.15%,BattJo00,Jordan Battle,cin
S,0,0.00%,0,0.00%,15,55.56%,DuggKy00,Kyle Dugger,cin
S,0,0.00%,0,0.00%,20,74.07%,JulePJ00,PJ Jules,cin
T,64,95.52%,0,0.00%,7,25.93%,MimsAm00,Amarius Mims,cin
T,64,95.52%,0,0.00%,7,25.93%,BrowOr00,Orlando Brown Jr.,cin
TE,42,62.69%,0,0.00%,14,51.85%,SampDr00,Drew Sample,cin
TE,20,29.85%,0,0.00%,0,0.00%,AllxEr00,Erick All,cin
TE,21,31.34%,0,0.00%,0,0.00%,GesiMi00,Mike Gesicki,cin
TE,6,8.96%,0,0.00%,13,48.15%,HudsTa00,Tanner Hudson,cin
WR,39,58.21%,0,0.00%,0,0.00%,IosiAn00,Andrei Iosivas,cin
WR,9,13.43%,0,0.00%,7,25.93%,YounCo01,Colbie Young,cin
WR,10,14.93%,0,0.00%,6,22.22%,MeyeDo00,Dohnte Meyers,cin
WR,60,89.55%,0,0.00%,0,0.00%,ChasJa00,Ja'Marr Chase,cin
WR,46,68.66%,0,0.00%,0,0.00%,HiggTe00,Tee Higgins,cin
C,51,98.08%,0,0.00%,0,0.00%,JenkEl00,Elgton Jenkins,cle
C,0,0.00%,0,0.00%,2,8.00%,WyplLu00,Luke Wypler,cle
CB,0,0.00%,0,0.00%,8,32.00%,RossDA03,D'Angelo Ross,cle
CB,0,0.00%,57,98.28%,6,24.00%,WardDe02,Denzel Ward,cle
CB,0,0.00%,0,0.00%,2,8.00%,BlacMe00,Mekhi Blackmon,cle
CB,0,0.00%,25,43.10%,5,20.00%,HardMy00,Myles Harden,cle
CB,0,0.00%,57,98.28%,6,24.00%,CampTy01,Tyson Campbell,cle
DE,0,0.00%,29,50.00%,7,28.00%,HuntAd00,Adin Huntington,cle
DE,0,0.00%,17,29.31%,6,24.00%,BarnDe01,Derek Barnett,cle
DE,0,0.00%,37,63.79%,0,0.00%,McGuIs00,Isaiah McGuire,cle
DE,0,0.00%,37,63.79%,6,24.00%,VersJa00,Jared Verse,cle
DE,0,0.00%,23,39.66%,6,24.00%,WillSa00,Sam Williams,cle
DT,0,0.00%,22,37.93%,0,0.00%,CollMa00,Maliek Collins,cle
DT,0,0.00%,34,58.62%,4,16.00%,GrahMa00,Mason Graham,cle
DT,0,0.00%,29,50.00%,2,8.00%,HallMi00,Michael Hall,cle
FB,6,11.54%,0,0.00%,10,40.00%,BurtMi00,Michael Burton,cle
G,1,1.92%,0,0.00%,2,8.00%,ZintZa00,Zak Zinter,cle
G,50,96.15%,0,0.00%,2,8.00%,JohnZi00,Zion Johnson,cle
K,0,0.00%,0,0.00%,5,20.00%,SzmyAn00,Andre Szmyt,cle
LB,0,0.00%,57,98.28%,6,24.00%,SchwCa00,Carson Schwesinger,cle
LB,0,0.00%,19,32.76%,15,60.00%,MascEa00,Easton Mascarenas-Arnold,cle
LB,0,0.00%,0,0.00%,15,60.00%,WatsNa00,Nathaniel Watson,cle
LB,0,0.00%,55,94.83%,0,0.00%,WillQu01,Quincy Williams,cle
LB,0,0.00%,1,1.72%,21,84.00%,ReidWi01,Winston Reid,cle
LS,0,0.00%,0,0.00%,5,20.00%,SunaRe00,Rex Sunahara,cle
P,0,0.00%,0,0.00%,5,20.00%,BojoCo00,Corey Bojorquez,cle
QB,51,98.08%,0,0.00%,0,0.00%,WatsDe00,Deshaun Watson,cle
RB,0,0.00%,0,0.00%,2,8.00%,SampDy00,Dylan Sampson,cle
RB,33,63.46%,0,0.00%,0,0.00%,JudkQu00,Quinshon Judkins,cle
RB,18,34.62%,0,0.00%,5,20.00%,SandRa00,Raheim Sanders,cle
S,0,0.00%,0,0.00%,15,60.00%,McMiDo00,Donovan McMillon,cle
S,0,0.00%,14,24.14%,12,48.00%,McNeEm00,Emmanuel McNeil-Warren,cle
S,0,0.00%,57,98.28%,6,24.00%,DelpGr00,Grant Delpit,cle
S,0,0.00%,57,98.28%,6,24.00%,HickRo00,Ronnie Hickman,cle
T,51,98.08%,0,0.00%,2,8.00%,BarbAu00,Austin Barber,cle
T,0,0.00%,0,0.00%,2,8.00%,JoneDa07,Dawand Jones,cle
T,51,98.08%,0,0.00%,2,8.00%,FanoSp00,Spencer Fano,cle
T,51,98.08%,0,0.00%,2,8.00%,HowaTy00,Tytus Howard,cle
TE,20,38.46%,0,0.00%,12,48.00%,WhitBl01,Blake Whiteheart,cle
TE,0,0.00%,0,0.00%,13,52.00%,RyanCa00,Carsen Ryan,cle
TE,42,80.77%,0,0.00%,0,0.00%,FannHa00,Harold Fannin,cle
WR,47,90.38%,0,0.00%,1,4.00%,BostDe00,Denzel Boston,cle
WR,7,13.46%,0,0.00%,0,0.00%,BondIs00,Isaiah Bond,cle
WR,32,61.54%,0,0.00%,0,0.00%,JeudJe00,Jerry Jeudy,cle
WR,35,67.31%,0,0.00%,1,4.00%,ConcKC00,KC Concepcion,cle
WR,0,0.00%,0,0.00%,15,60.00%,CorlMa00,Malachi Corley,cle
WR,15,28.85%,0,0.00%,11,44.00%,WallTy00,Tylan Wallace,cle
C,58,96.67%,0,0.00%,0,0.00%,BeebCo00,Cooper Beebe,dal
CB,0,0.00%,0,0.00%,16,80.00%,SpeeAm00,Ameer Speed,dal
CB,0,0.00%,50,50.00%,0,0.00%,DuraDe01,Cobie Durant,dal
CB,0,0.00%,69,69.00%,0,0.00%,BlanDa00,DaRon Bland,dal
CB,0,0.00%,20,20.00%,8,40.00%,ReveSh00,Shavon Revel,dal
DB,0,0.00%,61,61.00%,4,20.00%,DownCa00,Caleb Downs,dal
DT,0,0.00%,29,29.00%,0,0.00%,BullJo00,Jonathan Bullard,dal
DT,0,0.00%,50,50.00%,0,0.00%,ClarKe01,Kenny Clark,dal
DT,0,0.00%,18,18.00%,5,25.00%,OverLT00,LT Overton,dal
DT,0,0.00%,40,40.00%,4,20.00%,OgboOt00,Otito Ogbonnia,dal
DT,0,0.00%,53,53.00%,4,20.00%,WillQu00,Quinnen Williams,dal
FB,15,25.00%,0,0.00%,9,45.00%,LuepHu00,Hunter Luepke,dal
G,58,96.67%,0,0.00%,3,15.00%,BassTJ00,T.J. Bass,dal
G,58,96.67%,0,0.00%,3,15.00%,BookTy00,Tyler Booker,dal
K,0,0.00%,0,0.00%,7,35.00%,AubrBr00,Brandon Aubrey,dal
LB,0,0.00%,40,40.00%,1,5.00%,WintDe00,Dee Winters,dal
LB,0,0.00%,51,51.00%,3,15.00%,OverDe00,DeMarvion Overshown,dal
LB,0,0.00%,42,42.00%,4,20.00%,EzeiDo00,Donovan Ezeiruaku,dal
LB,0,0.00%,34,34.00%,4,20.00%,BarhJa01,Jaishawn Barham,dal
LB,0,0.00%,10,10.00%,10,50.00%,HousJa01,James Houston,dal
LB,0,0.00%,30,30.00%,6,30.00%,LawrMa01,Malachi Lawrence,dal
LB,0,0.00%,41,41.00%,0,0.00%,GaryRa00,Rashan Gary,dal
LB,0,0.00%,1,1.00%,16,80.00%,JameSh00,Shemar James,dal
LB,0,0.00%,11,11.00%,0,0.00%,MillVo00,Von Miller,dal
LS,0,0.00%,0,0.00%,5,25.00%,SiegTr00,Trent Sieg,dal
OL,0,0.00%,0,0.00%,3,15.00%,LeveNi00,Nick Leverett,dal
P,0,0.00%,0,0.00%,5,25.00%,AngeBr00,Bryan Anger,dal
QB,58,96.67%,0,0.00%,0,0.00%,PresDa01,Dak Prescott,dal
RB,5,8.33%,0,0.00%,0,0.00%,DemeEm00,Emari Demercado,dal
RB,41,68.33%,0,0.00%,0,0.00%,WillJa10,Javonte Williams,dal
S,0,0.00%,0,0.00%,16,80.00%,ClarAl01,Alijah Clark,dal
S,0,0.00%,69,69.00%,0,0.00%,ThomJa04,Jalen Thompson,dal
S,0,0.00%,12,12.00%,0,0.00%,HookMa00,Malik Hooker,dal
S,0,0.00%,0,0.00%,16,80.00%,BellMa01,Markquese Bell,dal
S,0,0.00%,28,28.00%,11,55.00%,LockPJ00,P.J. Locke,dal
T,0,0.00%,0,0.00%,3,15.00%,JoneBr09,Broderick Jones,dal
T,3,5.00%,0,0.00%,3,15.00%,ShelDr00,Drew Shelton,dal
T,58,96.67%,0,0.00%,3,15.00%,SteeTe01,Terence Steele,dal
T,58,96.67%,0,0.00%,3,15.00%,GuytTy00,Tyler Guyton,dal
TE,13,21.67%,0,0.00%,11,55.00%,SpanBr00,Brevyn Spann-Ford,dal
TE,44,73.33%,0,0.00%,0,0.00%,FergJa00,Jake Ferguson,dal
TE,13,21.67%,0,0.00%,10,50.00%,SchoLu00,Luke Schoonmaker,dal
WR,47,78.33%,0,0.00%,0,0.00%,LambCe00,CeeDee Lamb,dal
WR,49,81.67%,0,0.00%,0,0.00%,PickGe00,George Pickens,dal
WR,11,18.33%,0,0.00%,6,30.00%,MingJo00,Jonathan Mingo,dal
WR,8,13.33%,0,0.00%,6,30.00%,TurpKa00,KaVontae Turpin,dal
WR,41,68.33%,0,0.00%,0,0.00%,FlouRy00,Ryan Flournoy,dal
C,0,0.00%,0,0.00%,2,6.90%,ForsAl00,Alex Forsyth,den
C,51,98.08%,0,0.00%,1,3.45%,WattLu00,Luke Wattenberg,den
CB,0,0.00%,49,70.00%,0,0.00%,McMiJa00,Ja'Quan McMillian,den
CB,0,0.00%,4,5.71%,8,27.59%,BarrJa01,Jahdae Barron,den
CB,0,0.00%,0,0.00%,13,44.83%,AbraKr00,Kris Abrams-Draine,den
CB,1,1.92%,69,98.57%,5,17.24%,SurtPa01,Patrick Surtain II,den
CB,0,0.00%,69,98.57%,1,3.45%,MossRi00,Riley Moss,den
DB,0,0.00%,0,0.00%,26,89.66%,KeyxDe00,Devon Key,den
DE,0,0.00%,15,21.43%,7,24.14%,JoneSa01,Sai'vion Jones,den
DL,0,0.00%,41,58.57%,5,17.24%,UwazEy00,Eyioma Uwazurike,den
DL,0,0.00%,42,60.00%,5,17.24%,AlleZa01,Zach Allen,den
DT,0,0.00%,39,55.71%,0,0.00%,JoneD.01,D.J. Jones,den
DT,0,0.00%,32,45.71%,7,24.14%,RoacMa01,Malcolm Roach,den
FB,6,11.54%,0,0.00%,19,65.52%,PrenAd00,Adam Prentice,den
G,51,98.08%,0,0.00%,2,6.90%,PoweBe00,Ben Powers,den
G,51,98.08%,0,0.00%,2,6.90%,MeinQu02,Quinn Meinerz,den
K,0,0.00%,0,0.00%,5,17.24%,LutzWi00,Wil Lutz,den
LB,0,0.00%,68,97.14%,0,0.00%,SingAl00,Alex Singleton,den
LB,0,0.00%,32,45.71%,26,89.66%,TillDo00,Dondrea Tillman,den
LB,0,0.00%,40,57.14%,9,31.03%,ElliJo03,Jonah Elliss,den
LB,0,0.00%,2,2.86%,26,89.66%,TurnJo00,Jordan Turner,den
LB,0,0.00%,55,78.57%,0,0.00%,StrnJu00,Justin Strnad,den
LB,0,0.00%,0,0.00%,12,41.38%,ReidKa00,Karene Reid,den
LB,0,0.00%,36,51.43%,0,0.00%,BoniNi00,Nik Bonitto,den
LB,0,0.00%,32,45.71%,25,86.21%,RobiQu00,Quandarrius Robinson,den
LS,0,0.00%,0,0.00%,9,31.03%,FrabMi00,Mitchell Fraboni,den
P,0,0.00%,0,0.00%,9,31.03%,CrawJe00,Jeremy Crawshaw,den
QB,51,98.08%,0,0.00%,0,0.00%,NixxBo00,Bo Nix,den
RB,22,42.31%,0,0.00%,0,0.00%,DobbJK00,J.K. Dobbins,den
RB,3,5.77%,0,0.00%,6,20.69%,ColeJo00,Jonah Coleman,den
RB,26,50.00%,0,0.00%,6,20.69%,HarvRJ00,RJ Harvey,den
S,0,0.00%,65,92.86%,0,0.00%,JoneBr06,Brandon Jones,den
S,0,0.00%,0,0.00%,18,62.07%,SkinJL00,JL Skinner,den
S,0,0.00%,69,98.57%,5,17.24%,HufaTa00,Talanoa Hufanga,den
S,0,0.00%,0,0.00%,21,72.41%,AndeTy00,Tycen Anderson,den
T,0,0.00%,0,0.00%,2,6.90%,PalcAl00,Alex Palczewski,den
T,51,98.08%,0,0.00%,1,3.45%,BollGa00,Garett Bolles,den
T,0,0.00%,0,0.00%,2,6.90%,PearMa00,Matt Peart,den
T,51,98.08%,0,0.00%,2,6.90%,McGlMi00,Mike McGlinchey,den
TE,19,36.54%,0,0.00%,2,6.90%,TrauAd00,Adam Trautman,den
TE,32,61.54%,0,0.00%,0,0.00%,EngrEv00,Evan Engram,den
TE,13,25.00%,0,0.00%,8,27.59%,AdkiNa00,Nate Adkins,den
WR,39,75.00%,0,0.00%,0,0.00%,SuttCo00,Courtland Sutton,den
WR,38,73.08%,0,0.00%,0,0.00%,WaddJa00,Jaylen Waddle,den
WR,9,17.31%,0,0.00%,4,13.79%,MimsMa00,Marvin Mims,den
WR,30,57.69%,0,0.00%,7,24.14%,BryaPa00,Pat Bryant,den
WR,17,32.69%,0,0.00%,0,0.00%,FranTr00,Troy Franklin,den
CB,0,0.00%,160,91.43%,0,0.00%,ReedD.00,D.J. Reed,det
CB,0,0.00%,25,14.29%,5,7.46%,AbneKe00,Keith Abney,det
CB,0,0.00%,2,1.14%,40,59.70%,DorsKh00,Khalil Dorsey,det
CB,0,0.00%,159,90.86%,6,8.96%,Ya-SRo00,Rock Ya-Sin,det
CB,0,0.00%,57,32.57%,25,37.31%,McCrRo01,Roger McCreary,det
DB,0,0.00%,112,64.00%,0,0.00%,MaddAv00,Avonte Maddox,det
DB,0,0.00%,26,14.86%,11,16.42%,IzieCh00,Christian Izien,det
DE,0,0.00%,138,78.86%,0,0.00%,HutcAi00,Aidan Hutchinson,det
DE,0,0.00%,96,54.86%,11,16.42%,WonnDJ00,D.J. Wonnum,det
DE,0,0.00%,35,20.00%,0,0.00%,MoorDe03,Derrick Moore,det
DE,0,0.00%,4,2.29%,34,50.75%,ONeiEr00,Eric O'Neill,det
DL,0,0.00%,149,85.14%,11,16.42%,McNeAl00,Alim McNeill,det
DL,0,0.00%,9,5.14%,0,0.00%,StilBe00,Ben Stille,det
DL,0,0.00%,22,12.57%,0,0.00%,OnwuLe00,Levi Onwuzurike,det
DL,0,0.00%,71,40.57%,11,16.42%,GillSk00,Skyler Gill-Howard,det
DL,0,0.00%,82,46.86%,11,16.42%,WillTy02,Tyleik Williams,det
DL,0,0.00%,51,29.14%,0,0.00%,LacyTy00,Tyler Lacy,det
K,0,0.00%,0,0.00%,21,31.34%,BateJa00,Jake Bates,det
LB,0,0.00%,151,86.29%,21,31.34%,BarnDe02,Derrick Barnes,det
LB,0,0.00%,51,29.14%,0,0.00%,WhitDe02,Devin White,det
LB,0,0.00%,164,93.71%,11,16.42%,CampJa04,Jack Campbell,det
LB,0,0.00%,0,0.00%,32,47.76%,BachJo01,Joe Bachie,det
LB,0,0.00%,35,20.00%,35,52.24%,RodrMa00,Malcolm Rodriguez,det
LB,0,0.00%,13,7.43%,53,79.10%,NowaTr00,Trevor Nowaske,det
LS,0,0.00%,0,0.00%,21,31.34%,HattHo00,Hogan Hatten,det
OL,131,89.73%,0,0.00%,10,14.93%,BartBe00,Ben Bartch,det
OL,11,7.53%,0,0.00%,0,0.00%,MahoCh00,Christian Mahogany,det
OL,0,0.00%,0,0.00%,5,7.46%,CochDe00,Devin Cochran,det
OL,142,97.26%,0,0.00%,10,14.93%,ScruJu00,Juice Scruggs,det
OL,74,50.68%,0,0.00%,10,14.93%,BoroLa00,Larry Borom,det
OL,0,0.00%,0,0.00%,10,14.93%,FrazMi00,Miles Frazier,det
OL,142,97.26%,0,0.00%,10,14.93%,RatlTa00,Tate Ratledge,det
P,0,0.00%,0,0.00%,21,31.34%,FoxxJa01,Jack Fox,det
QB,142,97.26%,0,0.00%,0,0.00%,GoffJa00,Jared Goff,det
RB,0,0.00%,0,0.00%,42,62.69%,SaylJa00,Jacob Saylors,det
RB,111,76.03%,0,0.00%,0,0.00%,GibbJa01,Jahmyr Gibbs,det
RB,33,22.60%,0,0.00%,42,62.69%,VakiSi00,Sione Vaki,det
S,0,0.00%,105,60.00%,11,16.42%,ClarCh00,Chuck Clark,det
S,0,0.00%,87,49.71%,24,35.82%,HarpTh00,Thomas Harper,det
T,77,52.74%,0,0.00%,5,7.46%,MillBl01,Blake Miller,det
T,142,97.26%,0,0.00%,10,14.93%,SewePe00,Penei Sewell,det
TE,56,38.36%,0,0.00%,23,34.33%,WrigBr01,Brock Wright,det
TE,1,0.68%,0,0.00%,32,47.76%,MeekJa00,Jackson Meeks,det
TE,126,86.30%,0,0.00%,0,0.00%,LaPoSa01,Sam LaPorta,det
TE,14,9.59%,0,0.00%,7,10.45%,ConkTy00,Tyler Conklin,det
WR,131,89.73%,0,0.00%,0,0.00%,StxxAm00,Amon-Ra St. Brown,det
WR,101,69.18%,0,0.00%,0,0.00%,TeSlIs00,Isaac TeSlaa,det
WR,128,87.67%,0,0.00%,0,0.00%,WillJa11,Jameson Williams,det
WR,0,0.00%,0,0.00%,42,62.69%,MartTa00,Tay Martin,det
WR,0,0.00%,0,0.00%,20,29.85%,KennTo01,Tom Kennedy,det
C,68,98.55%,0,0.00%,6,18.18%,MonkJa00,Jacob Monk,gnb
C,68,98.55%,0,0.00%,0,0.00%,RhyaSe00,Sean Rhyan,gnb
CB,0,0.00%,1,1.52%,22,66.67%,StJuBe00,Benjamin St-Juste,gnb
CB,0,0.00%,49,74.24%,3,9.09%,CissBr00,Brandon Cisse,gnb
CB,0,0.00%,16,24.24%,3,9.09%,ValeCa00,Carrington Valentine,gnb
CB,0,0.00%,0,0.00%,10,30.30%,HaddKa00,Kamal Hadden,gnb
CB,0,0.00%,65,98.48%,1,3.03%,NixoKe00,Keisean Nixon,gnb
DE,0,0.00%,40,60.61%,21,63.64%,SorrBa00,Barryn Sorrell,gnb
DE,0,0.00%,27,40.91%,2,6.06%,CoxxBr02,Brenton Cox,gnb
DE,0,0.00%,21,31.82%,13,39.39%,DennDa01,Dani Dennis-Sutton,gnb
DE,0,0.00%,43,65.15%,9,27.27%,VanNLu00,Lukas Van Ness,gnb
DT,0,0.00%,28,42.42%,0,0.00%,McClCh01,Chris McClellan,gnb
DT,0,0.00%,34,51.52%,0,0.00%,WyatDe00,Devonte Wyatt,gnb
DT,0,0.00%,30,45.45%,0,0.00%,HargJa00,Javon Hargrave,gnb
DT,0,0.00%,28,42.42%,8,24.24%,FordJo00,Jonathan Ford,gnb
DT,0,0.00%,37,56.06%,18,54.55%,BrooKa00,Karl Brooks,gnb
G,68,98.55%,0,0.00%,6,18.18%,JennDo00,Donovan Jennings,gnb
G,0,0.00%,0,0.00%,6,18.18%,WillJo11,John Williams,gnb
K,0,0.00%,0,0.00%,12,36.36%,SmacTr00,Trey Smack,gnb
LB,0,0.00%,65,98.48%,0,0.00%,CoopEd00,Edgerrin Cooper,gnb
LB,0,0.00%,1,1.52%,24,72.73%,McDuIs00,Isaiah McDuffie,gnb
LB,0,0.00%,0,0.00%,24,72.73%,WelcKr00,Kristian Welch,gnb
LB,0,0.00%,0,0.00%,24,72.73%,NiemNi00,Nick Niemann,gnb
LB,0,0.00%,65,98.48%,0,0.00%,FranZa00,Zaire Franklin,gnb
LS,0,0.00%,0,0.00%,9,27.27%,OrzeMa00,Matthew Orzech,gnb
OL,68,98.55%,0,0.00%,0,0.00%,TomxZa00,Zach Bako-Bewele,gnb
P,0,0.00%,0,0.00%,9,27.27%,WhelDa00,Daniel Whelan,gnb
QB,68,98.55%,0,0.00%,0,0.00%,LoveJo03,Jordan Love,gnb
RB,38,55.07%,0,0.00%,3,9.09%,BrooCh00,Chris Brooks,gnb
RB,0,0.00%,0,0.00%,2,6.06%,JohnKa03,Kaleb Johnson,gnb
RB,30,43.48%,0,0.00%,0,0.00%,LloyMa00,MarShawn Lloyd,gnb
S,0,0.00%,65,98.48%,10,30.30%,WillEv00,Evan Williams,gnb
S,0,0.00%,35,53.03%,1,3.03%,BullJa00,Javon Bullard,gnb
S,0,0.00%,0,0.00%,12,36.36%,OladKi00,Kitan Oladapo,gnb
S,0,0.00%,65,98.48%,5,15.15%,McKiXa00,Xavier McKinney,gnb
T,4,5.80%,0,0.00%,6,18.18%,BeltAn00,Anthony Belton,gnb
T,68,98.55%,0,0.00%,6,18.18%,MorgJo03,Jordan Morgan,gnb
TE,32,46.38%,0,0.00%,6,18.18%,SmitJo01,Jonnu Smith,gnb
TE,11,15.94%,0,0.00%,11,33.33%,WhylJo01,Josh Whyle,gnb
TE,21,30.43%,0,0.00%,7,21.21%,RedmMa00,Mark Redman,gnb
TE,45,65.22%,0,0.00%,0,0.00%,KrafTu00,Tucker Kraft,gnb
WR,8,11.59%,0,0.00%,20,60.61%,MeltBo00,Bo Melton,gnb
WR,52,75.36%,0,0.00%,0,0.00%,WatsCh00,Christian Watson,gnb
WR,39,56.52%,0,0.00%,0,0.00%,ReedJa03,Jayden Reed,gnb
WR,56,81.16%,0,0.00%,0,0.00%,GoldMa02,Matthew Golden,gnb
WR,4,5.80%,0,0.00%,11,33.33%,MoorSk01,Skyy Moore,gnb
C,79,96.34%,0,0.00%,0,0.00%,BrowEv00,Evan Brown,htx
C,0,0.00%,0,0.00%,5,15.63%,AndrJa00,Jake Andrews,htx
C,79,96.34%,0,0.00%,5,15.63%,RutlKe01,Keylan Rutledge,htx
CB,0,0.00%,58,86.57%,0,0.00%,StinDe00,Derek Stingley Jr.,htx
CB,0,0.00%,0,0.00%,26,81.25%,SmitJa11,Jaylin Smith,htx
CB,0,0.00%,58,86.57%,0,0.00%,LassKa00,Kamari Lassiter,htx
CB,0,0.00%,0,0.00%,26,81.25%,SmitTr04,Tremon Smith,htx
DE,0,0.00%,45,67.16%,0,0.00%,HuntDa01,Danielle Hunter,htx
DE,0,0.00%,2,2.99%,14,43.75%,RobiDo00,Dominique Robinson,htx
DE,0,0.00%,20,29.85%,0,0.00%,ClowJa00,Jadeveon Clowney,htx
DE,0,0.00%,22,32.84%,6,18.75%,HallLo00,Logan Hall,htx
DE,0,0.00%,0,0.00%,14,43.75%,HarsSa00,Sabastian Harsh,htx
DE,0,0.00%,51,76.12%,0,0.00%,AndeWi01,Will Anderson,htx
DT,0,0.00%,18,26.87%,6,18.75%,EdwaMa01,Mario Edwards,htx
DT,0,0.00%,41,61.19%,0,0.00%,RankSh00,Sheldon Rankins,htx
DT,0,0.00%,40,59.70%,6,18.75%,TogiTo00,Tommy Togiai,htx
G,79,96.34%,0,0.00%,5,15.63%,IngrEd00,Ed Ingram,htx
G,0,0.00%,0,0.00%,5,15.63%,TellWy00,Wyatt Teller,htx
K,0,0.00%,0,0.00%,11,34.38%,FairKa01,Ka'imi Fairbairn,htx
LB,0,0.00%,58,86.57%,0,0.00%,AlShAz00,Azeez Al-Shaair,htx
LB,0,0.00%,51,76.12%,0,0.00%,TooTHe00,Henry To'oTo'o,htx
LB,0,0.00%,7,10.45%,26,81.25%,HansJa01,Jake Hansen,htx
LB,0,0.00%,0,0.00%,17,53.13%,HummJa00,Jake Hummel,htx
LB,0,0.00%,0,0.00%,22,68.75%,WoodWa00,Wade Woodaz,htx
LS,0,0.00%,0,0.00%,9,28.13%,BrinAu00,Austin Brinkman,htx
P,0,0.00%,0,0.00%,9,28.13%,KroeKa00,Kai Kroeger,htx
QB,79,96.34%,0,0.00%,0,0.00%,StroCJ00,C.J. Stroud,htx
RB,0,0.00%,0,0.00%,18,56.25%,BrooBr01,British Brooks,htx
RB,39,47.56%,0,0.00%,0,0.00%,MontDa01,David Montgomery,htx
RB,40,48.78%,0,0.00%,4,12.50%,MarkWo00,Woody Marks,htx
S,0,0.00%,56,83.58%,0,0.00%,BullCa00,Calen Bullock,htx
S,0,0.00%,0,0.00%,22,68.75%,OdumGe00,George Odum,htx
S,0,0.00%,58,86.57%,0,0.00%,PitrJa00,Jalen Pitre,htx
S,0,0.00%,1,1.49%,16,50.00%,RamsKa01,Kamari Ramsey,htx
S,0,0.00%,52,77.61%,4,12.50%,BlanRe00,Reed Blankenship,htx
T,79,96.34%,0,0.00%,5,15.63%,ErseAi00,Aireontae Ersery,htx
T,10,12.20%,0,0.00%,5,15.63%,FishBl00,Blake Fisher,htx
T,79,96.34%,0,0.00%,5,15.63%,BrowTr02,Trent Brown,htx
TE,24,29.27%,0,0.00%,18,56.25%,StovCa00,Cade Stover,htx
TE,52,63.41%,0,0.00%,0,0.00%,SchuDa00,Dalton Schultz,htx
TE,35,42.68%,0,0.00%,6,18.75%,MoreFo00,Foster Moreau,htx
TE,9,10.98%,0,0.00%,9,28.13%,KleiMa00,Marlin Klein,htx
WR,25,30.49%,0,0.00%,10,31.25%,WaynJa01,Jared Wayne,htx
WR,24,29.27%,0,0.00%,6,18.75%,NoelJa00,Jaylin Noel,htx
WR,36,43.90%,0,0.00%,0,0.00%,BoutKa00,Kayshon Boutte,htx
WR,57,69.51%,0,0.00%,0,0.00%,CollNi00,Nico Collins,htx
WR,44,53.66%,0,0.00%,0,0.00%,HutcXa00,Xavier Hutchinson,htx
C,0,0.00%,0,0.00%,4,12.50%,VanPSe00,Sedrick Van Pran-Granger,clt
C,54,98.18%,0,0.00%,0,0.00%,BortTa00,Tanor Bortolini,clt
CB,0,0.00%,65,86.67%,0,0.00%,WardCh01,Charvarius Ward,clt
CB,0,0.00%,39,52.00%,7,21.88%,WallJu00,Justin Walley,clt
CB,0,0.00%,0,0.00%,11,34.38%,GushKa00,Kapena Gushiken,clt
CB,0,0.00%,4,5.33%,3,9.38%,HarrKe03,Kenneth Harris,clt
CB,0,0.00%,68,90.67%,4,12.50%,GardSa00,Sauce Gardner,clt
DE,0,0.00%,48,64.00%,7,21.88%,KeyxAr00,Arden Key,clt
DE,0,0.00%,3,4.00%,20,62.50%,CurrCa00,Caden Curry,clt
DE,0,0.00%,23,30.67%,13,40.63%,TuimJT00,JT Tuimoloau,clt
DE,0,0.00%,57,76.00%,0,0.00%,LatuLa00,Laiatu Latu,clt
DE,0,0.00%,14,18.67%,0,0.00%,ClemMi03,Micheal Clemons,clt
DT,0,0.00%,18,24.00%,24,75.00%,AdebAd00,Adetomiwa Adebawore,clt
DT,0,0.00%,51,68.00%,0,0.00%,BuckDe00,DeForest Buckner,clt
DT,0,0.00%,43,57.33%,11,34.38%,StewGr00,Grover Stewart,clt
DT,0,0.00%,36,48.00%,7,21.88%,TillJe00,Jerry Tillery,clt
DT,0,0.00%,13,17.33%,0,0.00%,SmitTi02,Tim Smith,clt
G,0,0.00%,0,0.00%,4,12.50%,FarmJa00,Jalen Farmer,clt
G,54,98.18%,0,0.00%,4,12.50%,GoncMa00,Matt Goncalves,clt
G,54,98.18%,0,0.00%,0,0.00%,NelsQu00,Quenton Nelson,clt
K,0,0.00%,0,0.00%,9,28.13%,ShraSp00,Spencer Shrader,clt
LB,0,0.00%,64,85.33%,6,18.75%,DaviAk01,Akeem Davis-Gaither,clt
LB,0,0.00%,23,30.67%,15,46.88%,BoetBr00,Bryce Boettcher,clt
LB,0,0.00%,42,56.00%,6,18.75%,CarlJa01,Jaylon Carlies,clt
LB,0,0.00%,0,0.00%,27,84.38%,ChamTa00,Tahj Chambers,clt
LS,0,0.00%,0,0.00%,9,28.13%,RhodLu00,Luke Rhodes,clt
P,0,0.00%,0,0.00%,9,28.13%,SancRi00,Rigoberto Sanchez,clt
QB,54,98.18%,0,0.00%,0,0.00%,JoneDa05,Daniel Jones,clt
RB,48,87.27%,0,0.00%,0,0.00%,TaylJo02,Jonathan Taylor,clt
RB,6,10.91%,0,0.00%,7,21.88%,McGoSe01,Seth McGowan,clt
S,0,0.00%,67,89.33%,0,0.00%,HaulAJ00,A.J. Haulcy,clt
S,0,0.00%,68,90.67%,7,21.88%,BynuCa00,Camryn Bynum,clt
S,0,0.00%,0,0.00%,15,46.88%,WohlHu00,Hunter Wohler,clt
S,0,0.00%,2,2.67%,27,84.38%,OwenJo01,Jonathan Owens,clt
T,54,98.18%,0,0.00%,0,0.00%,RaimBe00,Bernhard Raimann,clt
T,54,98.18%,0,0.00%,4,12.50%,TravJa00,Jalen Travis,clt
T,1,1.82%,0,0.00%,4,12.50%,TenuLu00,Luke Tenuta,clt
TE,6,10.91%,0,0.00%,18,56.25%,OgleAn00,Andrew Ogletree,clt
TE,14,25.45%,0,0.00%,11,34.38%,AlieMo00,Mo Alie-Cox,clt
TE,50,90.91%,0,0.00%,0,0.00%,WarrTy00,Tyler Warren,clt
WR,32,58.18%,0,0.00%,0,0.00%,PierAl00,Alec Pierce,clt
WR,10,18.18%,0,0.00%,19,59.38%,DuliAs00,Ashton Dulin,clt
WR,0,0.00%,0,0.00%,6,18.75%,BurkDe02,Deion Burks,clt
WR,48,87.27%,0,0.00%,3,9.38%,DownJo00,Josh Downs,clt
WR,36,65.45%,0,0.00%,0,0.00%,AlleKe00,Keenan Allen,clt
WR,19,34.55%,0,0.00%,20,62.50%,TreaLa00,Laquon Treadwell,clt
CB,0,0.00%,6,11.54%,5,20.00%,BrasCh00,Christian Braswell,jax
CB,0,0.00%,37,71.15%,4,16.00%,JoneJa14,Jarrian Jones,jax
CB,0,0.00%,28,53.85%,0,0.00%,LewiJo01,Jourdan Lewis,jax
CB,0,0.00%,38,73.08%,9,36.00%,BrowMo00,Montaric Brown,jax
DE,0,0.00%,0,0.00%,3,12.00%,GreeBJ00,B.J. Green,jax
DE,0,0.00%,24,46.15%,5,20.00%,StriDa01,Danny Striggow,jax
DE,0,0.00%,38,73.08%,1,4.00%,AlleJo03,Josh Hines-Allen,jax
DE,0,0.00%,34,65.38%,1,4.00%,WalkTr03,Travon Walker,jax
DT,0,0.00%,12,23.08%,0,0.00%,RegiAl00,Albert Regis,jax
DT,0,0.00%,29,55.77%,0,0.00%,ArmsAr01,Arik Armstead,jax
DT,0,0.00%,19,36.54%,1,4.00%,HamiDa02,DaVon Hamilton,jax
DT,0,0.00%,18,34.62%,7,28.00%,DickMa00,Matt Dickerson,jax
DT,0,0.00%,18,34.62%,1,4.00%,OrhoRu00,Ruke Orhorhoro,jax
K,0,0.00%,0,0.00%,13,52.00%,LittCa00,Cam Little,jax
LB,0,0.00%,15,28.85%,13,52.00%,CombBr00,Branson Combs,jax
LB,0,0.00%,26,50.00%,17,68.00%,GardDe01,Dennis Gardeck,jax
LB,0,0.00%,34,65.38%,1,4.00%,OluoFo00,Foyesade Oluokun,jax
LB,0,0.00%,6,11.54%,16,64.00%,TavaJa00,Jahlani Tavai,jax
LB,0,0.00%,33,63.46%,10,40.00%,MillVe00,Ventrell Miller,jax
LS,0,0.00%,0,0.00%,8,32.00%,MatiRo00,Ross Matiscik,jax
OL,57,98.28%,0,0.00%,6,24.00%,HarrAn00,Anton Harrison,jax
OL,36,62.07%,0,0.00%,0,0.00%,VanxCo00,Cole Van Lanen,jax
OL,57,98.28%,0,0.00%,6,24.00%,PregEm00,Emmanuel Pregnon,jax
OL,50,86.21%,0,0.00%,6,24.00%,ClevEz00,Ezra Cleveland,jax
OL,7,12.07%,0,0.00%,6,24.00%,MonhJo00,Jonah Monheim,jax
OL,50,86.21%,0,0.00%,0,0.00%,HainRo00,Robert Hainsey,jax
OL,21,36.21%,0,0.00%,6,24.00%,LittWa00,Walker Little,jax
OL,9,15.52%,0,0.00%,6,24.00%,MiluWy00,Wyatt Milum,jax
P,0,0.00%,0,0.00%,8,32.00%,CookLo00,Logan Cooke,jax
QB,7,12.07%,0,0.00%,0,0.00%,MullNi00,Nick Mullens,jax
QB,50,86.21%,0,0.00%,0,0.00%,LawrTr00,Trevor Lawrence,jax
RB,5,8.62%,0,0.00%,8,32.00%,AbduAm00,Ameer Abdullah,jax
RB,28,48.28%,0,0.00%,0,0.00%,TuteBh00,Bhayshul Tuten,jax
RB,23,39.66%,0,0.00%,0,0.00%,RodrCh00,Chris Rodriguez,jax
RB,1,1.72%,0,0.00%,0,0.00%,AlleLe01,LeQuint Allen,jax
S,0,0.00%,45,86.54%,0,0.00%,JohnAn07,Antonio Johnson,jax
S,0,0.00%,33,63.46%,15,60.00%,RansCa00,Caleb Ransaw,jax
S,0,0.00%,33,63.46%,7,28.00%,MurrEr00,Eric Murray,jax
S,0,0.00%,6,11.54%,17,68.00%,LaneRa00,Rayuan Lane,jax
TE,39,67.24%,0,0.00%,0,0.00%,StraBr00,Brenton Strange,jax
TE,38,65.52%,0,0.00%,3,12.00%,BoerNa00,Nate Boerkircher,jax
TE,24,41.38%,0,0.00%,20,80.00%,MorrQu00,Quintin Morris,jax
WR,20,34.48%,0,0.00%,0,0.00%,ThomBr06,Brian Thomas,jax
WR,10,17.24%,0,0.00%,6,24.00%,WillCJ00,CJ Williams,jax
WR,37,63.79%,0,0.00%,0,0.00%,MeyeJa01,Jakobi Meyers,jax
WR,19,32.76%,0,0.00%,15,60.00%,CameJo01,Josh Cameron,jax
WR,35,60.34%,0,0.00%,3,12.00%,WashPa01,Parker Washington,jax
WR,4,6.90%,29,55.77%,0,0.00%,HuntTr00,Travis Hunter,jax
C,69,69.00%,0,0.00%,5,17.24%,HumpCr00,Creed Humphrey,kan
CB,0,0.00%,8,15.38%,20,68.97%,RolaCh00,Christian Roland-Wallace,kan
CB,0,0.00%,47,90.38%,15,51.72%,FultKr00,Kristian Fulton,kan
CB,0,0.00%,46,88.46%,1,3.45%,SneeLJ00,L'Jarius Sneed,kan
CB,0,0.00%,3,5.77%,0,0.00%,DelaMa00,Mansoor Delane,kan
DB,0,0.00%,51,98.08%,7,24.14%,HickJa01,Jaden Hicks,kan
DB,0,0.00%,0,0.00%,11,37.93%,CanaJa00,Jadon Canady,kan
DB,0,0.00%,51,98.08%,6,20.69%,WillNo01,Nohl Williams,kan
DE,0,0.00%,14,26.92%,3,10.34%,GillAs00,Ashton Gillotte,kan
DE,0,0.00%,28,53.85%,0,0.00%,AnudFe00,Felix Anudike-Uzomah,kan
DE,0,0.00%,44,84.62%,3,10.34%,KarlGe00,George Karlaftis III,kan
DE,0,0.00%,27,51.92%,7,24.14%,MasoR01,R Mason Thomas,kan
DL,0,0.00%,29,55.77%,3,10.34%,WoodPe00,Peter Woods,kan
DT,0,0.00%,26,50.00%,0,0.00%,JoneCh09,Chris Jones,kan
DT,0,0.00%,5,9.62%,0,0.00%,HarrMa08,Marcus Harris,kan
FB,3,3.00%,0,0.00%,22,75.86%,VanSBe00,Ben VanSumeren,kan
G,69,69.00%,0,0.00%,5,17.24%,SmitTr05,Trey Smith,kan
K,0,0.00%,0,0.00%,11,37.93%,ButkHa00,Harrison Butker,kan
LB,0,0.00%,0,0.00%,2,6.90%,McDoCo01,Cooper McDonald,kan
LB,0,0.00%,50,96.15%,3,10.34%,TranDr00,Drue Tranquill,kan
LB,0,0.00%,5,9.62%,23,79.31%,CochJa00,Jack Cochrane,kan
LB,0,0.00%,3,5.77%,20,68.97%,BassJe00,Jeffrey Bassa,kan
LB,0,0.00%,51,98.08%,3,10.34%,BoltNi00,Nick Bolton,kan
LS,0,0.00%,0,0.00%,10,34.48%,WincJa00,James Winchester,kan
NT,4,4.00%,22,42.31%,3,10.34%,TongKh00,Khyiris Tonga,kan
OL,4,4.00%,0,0.00%,5,17.24%,NourHu00,Hunter Nourzad,kan
OL,68,68.00%,0,0.00%,5,17.24%,MoorJa04,Jaylon Moore,kan
OL,3,3.00%,0,0.00%,0,0.00%,EzeuJo00,Joshua Ezeudu,kan
OL,69,69.00%,0,0.00%,5,17.24%,SuamKi00,Kingsley Suamataia,kan
OL,1,1.00%,0,0.00%,5,17.24%,CaliMi00,Mike Caliendo,kan
P,0,0.00%,0,0.00%,10,34.48%,AraiMa00,Matt Araiza,kan
QB,1,1.00%,0,0.00%,0,0.00%,FielJu00,Justin Fields,kan
QB,69,69.00%,0,0.00%,0,0.00%,MahoPa00,Patrick Mahomes,kan
RB,0,0.00%,0,0.00%,3,10.34%,SmitBr09,Brashard Smith,kan
RB,25,25.00%,0,0.00%,6,20.69%,JohnEm01,Emmett Johnson,kan
RB,47,47.00%,0,0.00%,0,0.00%,WalkKe00,Kenneth Walker III,kan
S,0,0.00%,51,98.08%,1,3.45%,GilmAl00,Alohi Gilman,kan
S,0,0.00%,0,0.00%,15,51.72%,NwanXa00,Xavier Nwankpa,kan
T,69,69.00%,0,0.00%,5,17.24%,BensKa00,Kahlil Benson,kan
TE,13,13.00%,0,0.00%,20,68.97%,BrinJa00,Jake Briningstool,kan
TE,38,38.00%,0,0.00%,16,55.17%,GrayNo00,Noah Gray,kan
TE,49,49.00%,0,0.00%,0,0.00%,KelcTr00,Travis Kelce,kan
WR,1,1.00%,0,0.00%,4,13.79%,AlleCy00,Cyrus Allen,kan
WR,0,0.00%,0,0.00%,15,51.72%,RoyaJa00,Jalen Royals,kan
WR,0,0.00%,0,0.00%,10,34.48%,RemiNi00,Nikko Remigio,kan
WR,57,57.00%,0,0.00%,0,0.00%,RiceRa01,Rashee Rice,kan
WR,47,47.00%,0,0.00%,0,0.00%,ThorTy00,Tyquan Thornton,kan
WR,53,53.00%,0,0.00%,0,0.00%,WortXa00,Xavier Worthy,kan
C,68,95.77%,0,0.00%,0,0.00%,LindTy00,Tyler Linderbaum,rai
CB,0,0.00%,46,79.31%,8,30.77%,PortDa00,Darien Porter,rai
CB,0,0.00%,56,96.55%,0,0.00%,StokEr00,Eric Stokes,rai
CB,0,0.00%,10,17.24%,0,0.00%,MassHe00,Hezekiah Masses,rai
CB,0,0.00%,48,82.76%,0,0.00%,JohnTa01,Taron Johnson,rai
DE,0,0.00%,32,55.17%,0,0.00%,PayeKw00,Kwity Paye,rai
DE,0,0.00%,29,50.00%,0,0.00%,KoonMa00,Malcolm Koonce,rai
DE,0,0.00%,46,79.31%,6,23.08%,CrosMa00,Maxx Crosby,rai
DE,0,0.00%,7,12.07%,20,76.92%,JohnPa02,Patrick Johnson,rai
DT,0,0.00%,21,36.21%,0,0.00%,ButlAd00,Adam Butler,rai
DT,0,0.00%,19,32.76%,6,23.08%,FatuFo00,Folorunso Fatukasi,rai
DT,0,0.00%,19,32.76%,0,0.00%,LaulJo00,Jonah Laulu,rai
DT,0,0.00%,19,32.76%,6,23.08%,BookTh00,Thomas Booker,rai
DT,0,0.00%,32,55.17%,12,46.15%,HemiTo00,Tonka Hemingway,rai
FB,32,45.07%,0,0.00%,8,30.77%,HeywCo00,Connor Heyward,rai
G,0,0.00%,0,0.00%,6,23.08%,RogeCa01,Caleb Rogers,rai
G,68,95.77%,0,0.00%,6,23.08%,PoweJa00,Jackson Powers-Johnson,rai
G,68,95.77%,0,0.00%,6,23.08%,BurfSp00,Spencer Burford,rai
G,0,0.00%,0,0.00%,6,23.08%,ZuhnTr01,Trey Zuhn,rai
K,0,0.00%,0,0.00%,12,46.15%,GayxMa00,Matt Gay,rai
LB,0,0.00%,56,96.55%,0,0.00%,DeanNa00,Nakobe Dean,rai
LB,0,0.00%,56,96.55%,0,0.00%,WalkQu00,Quay Walker,rai
LB,0,0.00%,0,0.00%,20,76.92%,OlubSe00,Segun Olubi,rai
LB,0,0.00%,8,13.79%,20,76.92%,EichTo00,Tommy Eichenberg,rai
LS,0,0.00%,0,0.00%,9,34.62%,WardAl00,Alex Ward,rai
P,0,0.00%,0,0.00%,9,34.62%,ColeAJ01,AJ Cole III,rai
QB,68,95.77%,0,0.00%,0,0.00%,CousKi00,Kirk Cousins,rai
RB,50,70.42%,0,0.00%,0,0.00%,JeanAs00,Ashton Jeanty,rai
RB,10,14.08%,0,0.00%,20,76.92%,LaubDy00,Dylan Laube,rai
RB,13,18.31%,0,0.00%,0,0.00%,WashMi00,Mike Washington Jr.,rai
S,0,0.00%,0,0.00%,20,76.92%,PolaIs00,Isaiah Pola-Mao,rai
S,0,0.00%,56,96.55%,6,23.08%,ChinJe00,Jeremy Chinn,rai
S,0,0.00%,56,96.55%,12,46.15%,StukTr00,Treydan Stukes,rai
S,0,0.00%,0,0.00%,14,53.85%,McCoTr00,Tristin McCollum,rai
T,0,0.00%,0,0.00%,6,23.08%,GranCh00,Charles Grant,rai
T,68,95.77%,0,0.00%,6,23.08%,GlazDe00,Delmar Glaze,rai
T,68,95.77%,0,0.00%,6,23.08%,MillKo00,Kolton Miller,rai
TE,5,7.04%,0,0.00%,3,11.54%,MyarCh00,Chris Myarick,rai
TE,31,43.66%,0,0.00%,0,0.00%,ThomIa00,Ian Thomas,rai
TE,55,77.46%,0,0.00%,0,0.00%,MayeMi00,Michael Mayer,rai
WR,11,15.49%,0,0.00%,14,53.85%,WhitCo05,Cody White,rai
WR,10,14.08%,0,0.00%,14,53.85%,YounDa02,Dareke Young,rai
WR,27,38.03%,0,0.00%,3,11.54%,BechJa00,Jack Bech,rai
WR,41,57.75%,0,0.00%,0,0.00%,NailJa00,Jalen Nailor,rai
WR,7,9.86%,0,0.00%,2,7.69%,BensMa00,Malik Benson,rai
WR,48,67.61%,0,0.00%,0,0.00%,TuckTr00,Tre Tucker,rai
CB,0,0.00%,63,63.00%,10,40.00%,HartCa00,Cam Hart,sdg
CB,0,0.00%,51,51.00%,1,4.00%,JackDo02,Donte Jackson,sdg
CB,0,0.00%,1,1.00%,13,52.00%,ShelRo00,Rodney Shelley,sdg
CB,0,0.00%,66,66.00%,10,40.00%,StilTa00,Tarheeb Still,sdg
DB,0,0.00%,53,53.00%,5,20.00%,MoldEl00,Elijah Molden,sdg
DL,0,0.00%,40,40.00%,8,32.00%,TomlDa00,Dalvin Tomlinson,sdg
DL,0,0.00%,40,40.00%,8,32.00%,CaldJa00,Jamaree Caldwell,sdg
DL,0,0.00%,45,45.00%,10,40.00%,EboiJu00,Justin Eboigbe,sdg
DL,0,0.00%,8,8.00%,0,0.00%,BarrNi00,Nick Barrett,sdg
DL,0,0.00%,31,31.00%,0,0.00%,TartTe00,Teair Tart,sdg
FB,21,36.84%,0,0.00%,9,36.00%,IngoAl01,Alec Ingold,sdg
G,55,96.49%,0,0.00%,2,8.00%,StraCo01,Cole Strange,sdg
G,35,61.40%,0,0.00%,2,8.00%,AwosKa00,Kayode Awosika,sdg
K,0,0.00%,0,0.00%,5,20.00%,DickCa00,Cameron Dicker,sdg
LB,0,0.00%,35,35.00%,13,52.00%,MesiAk01,Akheem Mesidor,sdg
LB,0,0.00%,23,23.00%,11,44.00%,DuprAl00,Bud Dupree,sdg
LB,0,0.00%,67,67.00%,0,0.00%,HenlDa00,Daiyan Henley,sdg
LB,0,0.00%,41,41.00%,7,28.00%,PhilDe00,Del'Shawn Phillips,sdg
LB,0,0.00%,51,51.00%,0,0.00%,MackKh00,Khalil Mack,sdg
LB,0,0.00%,0,0.00%,14,56.00%,WaxxMa00,Marlowe Wax,sdg
LB,0,0.00%,15,15.00%,22,88.00%,DyexTr00,Troy Dye,sdg
LB,0,0.00%,54,54.00%,7,28.00%,TuipTu00,Tuli Tuipulotu,sdg
LS,0,0.00%,0,0.00%,5,20.00%,HarrJo02,Josh Harris,sdg
OL,55,96.49%,0,0.00%,2,8.00%,SlauJa02,Jake Slaughter,sdg
P,0,0.00%,0,0.00%,5,20.00%,ScotJK00,JK Scott,sdg
QB,55,96.49%,0,0.00%,0,0.00%,HerbJu00,Justin Herbert,sdg
RB,17,29.82%,0,0.00%,5,20.00%,MitcKe01,Keaton Mitchell,sdg
RB,4,7.02%,0,0.00%,1,4.00%,VidaKi00,Kimani Vidal,sdg
RB,32,56.14%,0,0.00%,0,0.00%,HampOm00,Omarion Hampton,sdg
S,0,0.00%,75,75.00%,0,0.00%,JameDe00,Derwin James,sdg
S,0,0.00%,27,27.00%,19,76.00%,SmitGe01,Genesis Smith,sdg
S,0,0.00%,0,0.00%,16,64.00%,WillKe07,Kendall Williamson,sdg
S,0,0.00%,39,39.00%,4,16.00%,JeffTo00,Tony Jefferson,sdg
T,55,96.49%,0,0.00%,2,8.00%,AltxJo01,Joe Alt,sdg
T,55,96.49%,0,0.00%,2,8.00%,SlatRa00,Rashawn Slater,sdg
T,0,0.00%,0,0.00%,2,8.00%,BurkTr01,Travis Burke,sdg
T,20,35.09%,0,0.00%,2,8.00%,PipkTr00,Trey Pipkins,sdg
TE,30,52.63%,0,0.00%,13,52.00%,KolaCh00,Charlie Kolar,sdg
TE,30,52.63%,0,0.00%,0,0.00%,NjokDa00,David Njoku,sdg
TE,10,17.54%,0,0.00%,8,32.00%,GadsOr01,Oronde Gadsden II,sdg
WR,10,17.54%,0,0.00%,0,0.00%,ThomBr07,Brenen Thompson,sdg
WR,10,17.54%,0,0.00%,9,36.00%,DaviDe02,Derius Davis,sdg
WR,0,0.00%,0,0.00%,2,8.00%,LambKe01,KeAndre Lambert-Smith,sdg
WR,27,47.37%,0,0.00%,0,0.00%,McCoLa00,Ladd McConkey,sdg
WR,43,75.44%,0,0.00%,0,0.00%,JohnQu02,Quentin Johnston,sdg
WR,41,71.93%,0,0.00%,9,36.00%,HarrTr03,Tre Harris,sdg
CB,0,0.00%,0,0.00%,2,10.00%,ForbEm00,Emmanuel Forbes,ram
CB,0,0.00%,65,97.01%,1,5.00%,WatsJa02,Jaylen Watson,ram
CB,0,0.00%,7,10.45%,8,40.00%,WallJo00,Josh Wallace,ram
CB,0,0.00%,65,97.01%,6,30.00%,McDuTr00,Trent McDuffie,ram
DE,0,0.00%,29,43.28%,7,35.00%,FiskBr00,Braden Fiske,ram
DE,0,0.00%,43,64.18%,1,5.00%,TurnKo00,Kobie Turner,ram
DE,0,0.00%,32,47.76%,3,15.00%,DaviTy05,Tyler Davis,ram
K,0,0.00%,0,0.00%,3,15.00%,MeviHa00,Harrison Mevis,ram
LB,0,0.00%,47,70.15%,1,5.00%,YounBy01,Byron Young,ram
LB,0,0.00%,15,22.39%,8,40.00%,JohnDe08,Desjuan Johnson,ram
LB,0,0.00%,0,0.00%,14,70.00%,StuaGr00,Grant Stuard,ram
LB,0,0.00%,28,41.79%,2,10.00%,StewJo03,Josaiah Stewart,ram
LB,0,0.00%,40,59.70%,6,30.00%,GarrMy00,Myles Garrett,ram
LB,0,0.00%,64,95.52%,7,35.00%,LandNa01,Nathan Landman,ram
LB,0,0.00%,30,44.78%,9,45.00%,SpeiOm00,Omar Speights,ram
LB,0,0.00%,19,28.36%,17,85.00%,DolaSh00,Shaun Dolac,ram
LB,0,0.00%,0,0.00%,2,10.00%,BailWe00,Wesley Bailey,ram
LS,0,0.00%,0,0.00%,4,20.00%,CardJo00,Joe Cardona,ram
NT,0,0.00%,33,49.25%,8,40.00%,FordPo00,Poona Ford,ram
NT,0,0.00%,12,17.91%,5,25.00%,HamiTy00,Ty Hamilton,ram
OL,61,91.04%,0,0.00%,1,5.00%,JackAl01,Alaric Jackson,ram
OL,2,2.99%,0,0.00%,0,0.00%,LimmBe00,Beaux Limmer,ram
OL,61,91.04%,0,0.00%,1,5.00%,ShelCo00,Coleman Shelton,ram
OL,0,0.00%,0,0.00%,1,5.00%,QuesDa00,David Quessenberry,ram
OL,59,88.06%,0,0.00%,1,5.00%,DotsKe00,Kevin Dotson,ram
OL,61,91.04%,0,0.00%,1,5.00%,AvilSt00,Steve Avila,ram
OL,61,91.04%,0,0.00%,1,5.00%,McClWa00,Warren McClendon,ram
P,0,0.00%,0,0.00%,4,20.00%,EvanEt00,Ethan Evans,ram
QB,51,76.12%,0,0.00%,0,0.00%,StafMa00,Matthew Stafford,ram
QB,10,14.93%,0,0.00%,0,0.00%,BennSt00,Stetson Bennett,ram
RB,14,20.90%,0,0.00%,0,0.00%,CoruBl00,Blake Corum,ram
RB,39,58.21%,0,0.00%,0,0.00%,WillKy02,Kyren Williams,ram
RB,8,11.94%,0,0.00%,0,0.00%,RiveRo01,Ronnie Rivers,ram
S,0,0.00%,39,58.21%,15,75.00%,McCoJa02,Jaylen McCollough,ram
S,0,0.00%,30,44.78%,1,5.00%,CurlKa00,Kamren Curl,ram
S,0,0.00%,52,77.61%,6,30.00%,KincKa00,Kamren Kinchens,ram
S,0,0.00%,65,97.01%,10,50.00%,LakeQu00,Quentin Lake,ram
S,0,0.00%,0,0.00%,8,40.00%,InglTa00,Tanner Ingle,ram
TE,47,70.15%,0,0.00%,1,5.00%,ParkCo02,Colby Parkinson,ram
TE,21,31.34%,0,0.00%,9,45.00%,AlleDa02,Davis Allen,ram
TE,31,46.27%,0,0.00%,6,30.00%,FergTe00,Terrance Ferguson,ram
TE,12,17.91%,0,0.00%,10,50.00%,HigbTy00,Tyler Higbee,ram
WR,33,49.25%,0,0.00%,0,0.00%,AdamDa01,Davante Adams,ram
WR,25,37.31%,0,0.00%,13,65.00%,WhitJo04,Jordan Whittington,ram
WR,16,23.88%,0,0.00%,6,30.00%,MumpKo00,Konata Mumpfield,ram
WR,43,64.18%,0,0.00%,0,0.00%,NacuPu00,Puka Nacua,ram
WR,16,23.88%,0,0.00%,11,55.00%,SmitXa00,Xavier Smith,ram
C,56,98.25%,0,0.00%,0,0.00%,BrewAa01,Aaron Brewer,mia
CB,0,0.00%,68,68.00%,7,25.93%,JohnCh09,Chris Johnson,mia
CB,0,0.00%,64,64.00%,9,33.33%,MarsJa00,Jason Marshall,mia
CB,0,0.00%,26,26.00%,1,3.70%,BrenJu00,Julius Brents,mia
CB,0,0.00%,0,0.00%,9,33.33%,DialMa00,Marcellas Dial,mia
DE,0,0.00%,42,42.00%,1,3.70%,RobiCh00,Chop Robinson,mia
DE,0,0.00%,11,11.00%,0,0.00%,FerrCl00,Clelin Ferrell,mia
DE,0,0.00%,29,29.00%,1,3.70%,UcheJo00,Joshua Uche,mia
DE,0,0.00%,32,32.00%,1,3.70%,HerrMa02,Malik Herring,mia
DE,0,0.00%,14,14.00%,15,55.56%,BealRo00,Robert Beal,mia
DL,0,0.00%,41,41.00%,6,22.22%,PhilJo02,Jordan Phillips,mia
DL,0,0.00%,15,15.00%,6,22.22%,CoopKe00,Keith Cooper Jr.,mia
DL,0,0.00%,48,48.00%,11,40.74%,SielZa00,Zach Sieler,mia
DL,0,0.00%,42,42.00%,10,37.04%,BiggZe01,Zeek Biggers,mia
FB,15,26.32%,0,0.00%,3,11.11%,HermDJ00,DJ Herman,mia
G,1,1.75%,0,0.00%,4,14.81%,WallCa00,Caedan Wallace,mia
G,56,98.25%,0,0.00%,4,14.81%,SavaJo00,Jonah Savaiinaea,mia
G,56,98.25%,0,0.00%,4,14.81%,ProcKa00,Kadyn Proctor,mia
K,0,0.00%,0,0.00%,7,25.93%,PattRi01,Riley Patterson,mia
LB,0,0.00%,1,1.00%,15,55.56%,WoodJa02,Jackson Woodard,mia
LB,0,0.00%,68,68.00%,7,25.93%,RodrJa00,Jacob Rodriguez,mia
LB,0,0.00%,67,67.00%,7,25.93%,BrooJo01,Jordyn Brooks,mia
LB,0,0.00%,0,0.00%,12,44.44%,HarrRo02,Ronnie Harrison,mia
LB,0,0.00%,41,41.00%,2,7.41%,GayJWi00,Willie Gay Jr.,mia
LS,0,0.00%,0,0.00%,8,29.63%,AddiTu00,Tucker Addington,mia
P,0,0.00%,0,0.00%,8,29.63%,PiniBr00,Bradley Pinion,mia
QB,56,98.25%,0,0.00%,0,0.00%,WillMa12,Malik Willis,mia
RB,48,84.21%,0,0.00%,0,0.00%,AchaDe00,De'Von Achane,mia
RB,4,7.02%,0,0.00%,5,18.52%,WrigJa04,Jaylen Wright,mia
RB,4,7.02%,0,0.00%,5,18.52%,GordOl00,Ollie Gordon,mia
S,0,0.00%,32,32.00%,14,51.85%,TradDa00,Dante Trader,mia
S,0,0.00%,0,0.00%,17,62.96%,WoodJu00,Julius Wood,mia
S,0,0.00%,3,3.00%,14,51.85%,LouiKy00,Kyle Louis,mia
S,0,0.00%,51,51.00%,8,29.63%,TaafMi00,Michael Taaffe,mia
S,0,0.00%,53,53.00%,0,0.00%,AndeZa02,Zayne Anderson,mia
T,56,98.25%,0,0.00%,4,14.81%,JackAu00,Austin Jackson,mia
T,0,0.00%,0,0.00%,4,14.81%,KingJa02,Jarrett Kingston,mia
T,56,98.25%,0,0.00%,4,14.81%,PaulPa01,Patrick Paul,mia
TE,43,75.44%,0,0.00%,4,14.81%,DulcGr00,Greg Dulcich,mia
TE,0,0.00%,0,0.00%,15,55.56%,TraoSe00,Seydou Traore,mia
TE,14,24.56%,0,0.00%,6,22.22%,KacmWi00,Will Kacmarek,mia
WR,51,89.47%,0,0.00%,0,0.00%,DougCa00,Caleb Douglas,mia
WR,29,50.88%,0,0.00%,4,14.81%,BellCh00,Chris Bell,mia
WR,16,28.07%,0,0.00%,0,0.00%,ColeKe03,Kevin Coleman,mia
WR,55,96.49%,0,0.00%,9,33.33%,WashMa00,Malik Washington,mia
WR,0,0.00%,0,0.00%,15,55.56%,MillRy01,Ryan Miller,mia
C,65,97.01%,0,0.00%,4,12.12%,BranBl00,Blake Brandel,min
CB,0,0.00%,67,97.10%,0,0.00%,MurpBy00,Byron Murphy,min
CB,0,0.00%,0,0.00%,5,15.15%,DemmCh00,Charles Demmings,min
CB,0,0.00%,68,98.55%,5,15.15%,RodgIs00,Isaiah Rodgers,min
CB,0,0.00%,23,33.33%,9,27.27%,PierJa01,James Pierre,min
DL,0,0.00%,16,23.19%,7,21.21%,BankCa01,Caleb Banks,min
DL,0,0.00%,22,31.88%,7,21.21%,OranDo00,Domonique Orange,min
DL,0,0.00%,51,73.91%,7,21.21%,RedmJa01,Jalen Redmond,min
DL,0,0.00%,34,49.28%,0,0.00%,RodrLe00,Levi Drake Rodriguez,min
DL,0,0.00%,42,60.87%,16,48.48%,IngrTy00,Tyrion Ingram-Dawkins,min
FB,24,35.82%,0,0.00%,10,30.30%,BredMa00,Max Bredeson,min
G,65,97.01%,0,0.00%,4,12.12%,JackDo03,Donovan Jackson,min
G,0,0.00%,0,0.00%,4,12.12%,HubeJo00,Joe Huber,min
G,0,0.00%,0,0.00%,4,12.12%,KeegTr00,Trevor Keegan,min
G,65,97.01%,0,0.00%,4,12.12%,FrieWi00,Will Fries,min
K,0,0.00%,0,0.00%,11,33.33%,ReicWi00,Will Reichard,min
LB,0,0.00%,55,79.71%,0,0.00%,VanGAn00,Andrew Van Ginkel,min
LB,0,0.00%,65,94.20%,1,3.03%,CashBl00,Blake Cashman,min
LB,0,0.00%,0,0.00%,25,75.76%,RichBo01,Bo Richter,min
LB,0,0.00%,0,0.00%,19,57.58%,ChamCh01,Chaz Chambliss,min
LB,0,0.00%,56,81.16%,6,18.18%,TurnDa01,Dallas Turner,min
LB,0,0.00%,67,97.10%,7,21.21%,WilsEr00,Eric Wilson,min
LB,0,0.00%,10,14.49%,26,78.79%,PaceIv00,Ivan Pace,min
LB,0,0.00%,0,0.00%,19,57.58%,GoldJa01,Jake Golday,min
LB,0,0.00%,25,36.23%,0,0.00%,VanNKy00,Kyle Van Noy,min
LS,0,0.00%,0,0.00%,8,24.24%,DePaAn00,Andrew DePaola,min
P,0,0.00%,0,0.00%,8,24.24%,ThorBr01,Brett Thorson,min
QB,54,80.60%,0,0.00%,0,0.00%,WentCa00,Carson Wentz,min
QB,11,16.42%,0,0.00%,0,0.00%,MurrKy00,Kyler Murray,min
RB,30,44.78%,0,0.00%,0,0.00%,JoneAa00,Aaron Jones,min
RB,6,8.96%,0,0.00%,19,57.58%,DallDe00,DeeJay Dallas,min
RB,29,43.28%,0,0.00%,0,0.00%,MasoJo00,Jordan Mason,min
S,0,0.00%,26,37.68%,0,0.00%,SmitHa00,Harrison Smith,min
S,0,0.00%,10,14.49%,19,57.58%,ThomJa08,Jacob Thomas,min
S,0,0.00%,0,0.00%,22,66.67%,WardJa00,Jay Ward,min
S,0,0.00%,68,98.55%,1,3.03%,MeteJo00,Josh Metellus,min
S,0,0.00%,43,62.32%,5,15.15%,JackTh00,Theo Jackson,min
T,65,97.01%,0,0.00%,0,0.00%,ONeiBr00,Brian O'Neill,min
T,65,97.01%,0,0.00%,0,0.00%,DarrCh00,Christian Darrisaw,min
T,0,0.00%,0,0.00%,4,12.12%,VanDRy00,Ryan Van Demark,min
TE,0,0.00%,0,0.00%,10,30.30%,BartGa00,Gavin Bartholomew,min
TE,42,62.69%,0,0.00%,10,30.30%,OlivJo00,Josh Oliver,min
TE,43,64.18%,0,0.00%,0,0.00%,HockTJ00,T.J. Hockenson,min
WR,31,46.27%,0,0.00%,0,0.00%,JennJa00,Jauan Jennings,min
WR,54,80.60%,0,0.00%,0,0.00%,AddiJo00,Jordan Addison,min
WR,60,89.55%,0,0.00%,0,0.00%,JeffJu00,Justin Jefferson,min
WR,3,4.48%,0,0.00%,9,27.27%,PricMy00,Myles Price,min
WR,3,4.48%,0,0.00%,14,42.42%,FeltTa00,Tai Felton,min
CB,0,0.00%,49,98.00%,0,0.00%,DaviCa02,Carlton Davis,nwe
CB,0,0.00%,0,0.00%,11,50.00%,CanaCh00,Channing Canada,nwe
CB,0,0.00%,1,2.00%,16,72.73%,WoodCh01,Charles Woods,nwe
CB,0,0.00%,50,100.00%,0,0.00%,GonzCh00,Christian Gonzalez,nwe
CB,0,0.00%,24,48.00%,5,22.73%,JoneMa06,Marcus Jones,nwe
DL,0,0.00%,7,14.00%,2,9.09%,TaylLe01,Leonard Taylor,nwe
DT,0,0.00%,30,60.00%,6,27.27%,BarmCh00,Christian Barmore,nwe
DT,0,0.00%,28,56.00%,2,9.09%,DurdCo00,Cory Durden,nwe
DT,0,0.00%,9,18.00%,0,0.00%,FarmJo00,Joshua Farmer,nwe
DT,0,0.00%,33,66.00%,6,27.27%,WillMi08,Milton Williams,nwe
FB,13,17.33%,0,0.00%,12,54.55%,GillRe00,Reggie Gilliam,nwe
G,71,94.67%,0,0.00%,2,9.09%,VeraAl00,Alijah Vera-Tucker,nwe
K,0,0.00%,0,0.00%,5,22.73%,BorrAn00,Andres Borregales,nwe
LB,0,0.00%,49,98.00%,3,13.64%,ElliCh00,Christian Elliss,nwe
LB,0,0.00%,0,0.00%,14,63.64%,MuasDa00,Darius Muasau,nwe
LB,0,0.00%,42,84.00%,6,27.27%,JoneDr00,Dre'Mont Jones,nwe
LB,0,0.00%,39,78.00%,11,50.00%,PondEl02,Elijah Ponder,nwe
LB,0,0.00%,19,38.00%,20,90.91%,JacaGa00,Gabe Jacas,nwe
LB,0,0.00%,0,0.00%,20,90.91%,ObiaNa00,Namdi Obiazor,nwe
LB,0,0.00%,0,0.00%,3,13.64%,HutcQu00,Quintayvious Hutchins,nwe
LB,0,0.00%,50,100.00%,3,13.64%,SpilRo00,Robert Spillane,nwe
LS,0,0.00%,0,0.00%,7,31.82%,AshbJu00,Julian Ashby,nwe
OL,2,2.67%,0,0.00%,2,9.09%,VanRGr00,Greg Van Roten,nwe
OL,71,94.67%,0,0.00%,0,0.00%,WilsJa02,Jared Wilson,nwe
OL,71,94.67%,0,0.00%,2,9.09%,OnweMi00,Michael Onwenu,nwe
P,0,0.00%,0,0.00%,7,31.82%,WishMi00,Mitch Wishnowsky,nwe
QB,71,94.67%,0,0.00%,0,0.00%,MayeDr00,Drake Maye,nwe
RB,8,10.67%,0,0.00%,0,0.00%,KineCo00,Corey Kiner,nwe
RB,3,4.00%,0,0.00%,6,27.27%,LariLa00,Lan Larison,nwe
RB,60,80.00%,0,0.00%,0,0.00%,StevRh00,Rhamondre Stevenson,nwe
S,0,0.00%,50,100.00%,3,13.64%,WoodCr00,Craig Woodson,nwe
S,0,0.00%,20,40.00%,20,90.91%,PettDe00,Dell Pettus,nwe
S,0,0.00%,0,0.00%,8,36.36%,ReedJa04,Jaylen Reed,nwe
S,0,0.00%,50,100.00%,0,0.00%,ByarKe01,Kevin Byard,nwe
T,0,0.00%,0,0.00%,2,9.09%,LomuCa00,Caleb Lomu,nwe
T,0,0.00%,0,0.00%,2,9.09%,CrowDa00,Dametrious Crownover,nwe
T,71,94.67%,0,0.00%,0,0.00%,MoseMo00,Morgan Moses,nwe
T,71,94.67%,0,0.00%,2,9.09%,CampWi01,Will Campbell,nwe
TE,0,0.00%,0,0.00%,14,63.64%,LatuCa01,Cameron Latu,nwe
TE,38,50.67%,0,0.00%,4,18.18%,RariEl00,Eli Raridon,nwe
TE,54,72.00%,0,0.00%,0,0.00%,HenrHu00,Hunter Henry,nwe
TE,0,0.00%,0,0.00%,4,18.18%,ArkiTa00,Tanner Arkin,nwe
WR,31,41.33%,0,0.00%,0,0.00%,BrowAJ00,A.J. Brown,nwe
WR,44,58.67%,0,0.00%,0,0.00%,DougDe00,DeMario Douglas,nwe
WR,12,16.00%,0,0.00%,4,18.18%,WillKy03,Kyle Williams,nwe
WR,50,66.67%,0,0.00%,8,36.36%,HollMa00,Mack Hollins,nwe
WR,40,53.33%,0,0.00%,0,0.00%,DoubRo00,Romeo Doubs,nwe
C,90,98.90%,0,0.00%,5,14.29%,RuizCe00,Cesar Ruiz,nor
C,90,98.90%,0,0.00%,0,0.00%,McCoEr01,Erik McCoy,nor
CB,0,0.00%,0,0.00%,12,34.29%,RichDe01,Decamerion Richardson,nor
CB,0,0.00%,0,0.00%,24,68.57%,PricJa01,Jayden Price,nor
CB,0,0.00%,77,97.47%,0,0.00%,McKiKo00,Kool-Aid McKinstry,nor
CB,0,0.00%,11,13.92%,0,0.00%,EmerMa00,Martin Emerson,nor
CB,0,0.00%,66,83.54%,0,0.00%,RileQu00,Quincy Riley,nor
DB,0,0.00%,0,0.00%,25,71.43%,HowdJo00,Jordan Howden,nor
DE,0,0.00%,18,22.78%,24,68.57%,JennAn00,Anfernee Jennings,nor
DE,0,0.00%,59,74.68%,9,25.71%,GranCa01,Carl Granderson,nor
DE,0,0.00%,59,74.68%,0,0.00%,YounCh04,Chase Young,nor
DE,0,0.00%,23,29.11%,18,51.43%,WilsTy01,Tyree Wilson,nor
DL,0,0.00%,25,31.65%,0,0.00%,MillCh01,Christen Miller,nor
DL,0,0.00%,18,22.78%,5,14.29%,WoodCo01,Colby Wooden,nor
DL,0,0.00%,36,45.57%,0,0.00%,GodcDa00,Davon Godchaux,nor
DL,0,0.00%,55,69.62%,5,14.29%,ShepNa00,Nathan Shepherd,nor
DL,0,0.00%,52,65.82%,5,14.29%,BrouVe00,Vernon Broughton,nor
G,90,98.90%,0,0.00%,5,14.29%,EdwaDa01,David Edwards,nor
G,0,0.00%,0,0.00%,5,14.29%,WrigJe00,Jeremiah Wright,nor
G,0,0.00%,0,0.00%,5,14.29%,SherWi01,William Sherman,nor
K,0,0.00%,0,0.00%,11,31.43%,CarlDa00,Daniel Carlson,nor
LB,0,0.00%,0,0.00%,29,82.86%,RumpCh00,Chris Rumph,nor
LB,0,0.00%,26,32.91%,29,82.86%,StutDa00,Danny Stutsman,nor
LB,0,0.00%,0,0.00%,28,80.00%,StalIs00,Isaiah Stalbird,nor
LB,0,0.00%,77,97.47%,4,11.43%,ElliKa00,Kaden Elliss,nor
LB,0,0.00%,40,50.63%,9,25.71%,WernPe00,Pete Werner,nor
LS,0,0.00%,0,0.00%,10,28.57%,WoodZa00,Zach Wood,nor
OL,0,0.00%,0,0.00%,5,14.29%,RichAs00,Asim Richards,nor
P,0,0.00%,0,0.00%,10,28.57%,WrigRy00,Ryan Wright,nor
QB,90,98.90%,0,0.00%,0,0.00%,ShouTy00,Tyler Shough,nor
RB,15,16.48%,0,0.00%,20,57.14%,DonaCJ00,CJ Donaldson,nor
RB,26,28.57%,0,0.00%,1,2.86%,MillKe01,Kendre Miller,nor
RB,53,58.24%,0,0.00%,0,0.00%,EtieTr00,Travis Etienne,nor
S,0,0.00%,51,64.56%,6,17.14%,SankJo00,Jonas Sanker,nor
S,0,0.00%,77,97.47%,0,0.00%,BlacJu01,Julian Blackmon,nor
S,0,0.00%,77,97.47%,5,14.29%,ReidJu00,Justin Reid,nor
S,0,0.00%,0,0.00%,19,54.29%,ReidMi01,Michael Reid,nor
T,90,98.90%,0,0.00%,5,14.29%,BankKe01,Kelvin Banks,nor
T,90,98.90%,0,0.00%,5,14.29%,FuagTa00,Taliese Fuaga,nor
TE,76,83.52%,0,0.00%,4,11.43%,JohnJu02,Juwan Johnson,nor
TE,37,40.66%,0,0.00%,7,20.00%,FantNo00,Noah Fant,nor
TE,10,10.99%,0,0.00%,6,17.14%,WelcTr00,Treyton Welch,nor
WR,7,7.69%,0,0.00%,13,37.14%,BrowBa02,Barion Brown,nor
WR,62,68.13%,0,0.00%,0,0.00%,LancBr00,Bryce Lance,nor
WR,77,84.62%,0,0.00%,0,0.00%,OlavCh00,Chris Olave,nor
WR,82,90.11%,0,0.00%,0,0.00%,VeleDe00,Devaughn Vele,nor
WR,5,5.49%,0,0.00%,1,2.86%,AustKe00,Kevin Austin,nor
C,0,0.00%,0,0.00%,4,20.00%,HudsBr00,Bryan Hudson,nyg
C,69,69.00%,0,0.00%,0,0.00%,MichJo00,John Michael Schmitz,nyg
CB,0,0.00%,48,80.00%,0,0.00%,PhilAn02,Andru Phillips,nyg
CB,0,0.00%,6,10.00%,12,60.00%,HoodCo00,Colton Hood,nyg
CB,0,0.00%,48,80.00%,3,15.00%,BankDe00,Deonte Banks,nyg
CB,0,0.00%,52,86.67%,3,15.00%,NewsGr00,Greg Newsome II,nyg
CB,0,0.00%,10,16.67%,8,40.00%,AdebPa00,Paulson Adebo,nyg
DB,0,0.00%,0,0.00%,15,75.00%,CampEl00,Elijah Campbell,nyg
DL,0,0.00%,28,46.67%,13,65.00%,GolsCh00,Chauncey Golston,nyg
DL,0,0.00%,27,45.00%,1,5.00%,ReadD.00,D.J. Reader,nyg
DL,0,0.00%,18,30.00%,0,0.00%,AlexDa01,Darius Alexander,nyg
DL,0,0.00%,26,43.33%,4,20.00%,HarrSh00,Shelby Harris,nyg
FB,37,37.00%,0,0.00%,0,0.00%,RicaPa00,Patrick Ricard,nyg
G,69,69.00%,0,0.00%,4,20.00%,RunyJo00,Jon Runyan Jr.,nyg
K,0,0.00%,0,0.00%,9,45.00%,ZvadDo00,Dominic Zvada,nyg
LB,0,0.00%,53,88.33%,0,0.00%,CartAb00,Abdul Carter,nyg
LB,0,0.00%,58,96.67%,3,15.00%,ReesAr00,Arvell Reese,nyg
LB,0,0.00%,49,81.67%,3,15.00%,BurnBr00,Brian Burns,nyg
LB,0,0.00%,0,0.00%,14,70.00%,KellJa00,Jack Kelly,nyg
LB,0,0.00%,27,45.00%,3,15.00%,ThibKa00,Kayvon Thibodeaux,nyg
LB,0,0.00%,0,0.00%,15,75.00%,HarrMa06,Malik Harrison,nyg
LB,0,0.00%,0,0.00%,11,55.00%,McFaMi01,Micah McFadden,nyg
LB,0,0.00%,58,96.67%,0,0.00%,EdmuTr01,Tremaine Edmunds,nyg
LB,0,0.00%,0,0.00%,12,60.00%,BarnZa00,Zaire Barnes,nyg
LS,0,0.00%,0,0.00%,5,25.00%,MannBe00,Ben Mann,nyg
OL,1,1.00%,0,0.00%,4,20.00%,StinAa00,Aaron Stinnie,nyg
OL,69,69.00%,0,0.00%,4,20.00%,MauiFr01,Francis Mauigoa,nyg
OL,69,69.00%,0,0.00%,4,20.00%,ElueJe00,Jermaine Eluemunor,nyg
OL,0,0.00%,0,0.00%,4,20.00%,MbowMa00,Marcus Mbow,nyg
P,0,0.00%,0,0.00%,5,25.00%,StouJo00,Jordan Stout,nyg
QB,69,69.00%,0,0.00%,0,0.00%,DartJa00,Jaxson Dart,nyg
RB,42,42.00%,0,0.00%,0,0.00%,SkatCa00,Cam Skattebo,nyg
RB,25,25.00%,0,0.00%,0,0.00%,SingDe00,Devin Singletary,nyg
RB,2,2.00%,0,0.00%,9,45.00%,TracTy00,Tyrone Tracy Jr.,nyg
S,0,0.00%,1,1.67%,7,35.00%,WashAr00,Ar'Darius Washington,nyg
S,0,0.00%,58,96.67%,1,5.00%,HollJe02,Jevon Holland,nyg
S,0,0.00%,58,96.67%,4,20.00%,NubiTy00,Tyler Nubin,nyg
T,69,69.00%,0,0.00%,0,0.00%,ThomAn02,Andrew Thomas,nyg
TE,24,24.00%,0,0.00%,8,40.00%,ManhCh00,Chris Manhertz,nyg
TE,34,34.00%,0,0.00%,0,0.00%,LikeIs00,Isaiah Likely,nyg
TE,32,32.00%,0,0.00%,7,35.00%,JohnTh00,Theo Johnson,nyg
WR,12,12.00%,0,0.00%,6,30.00%,BerrBr00,Braxton Berrios,nyg
WR,39,39.00%,0,0.00%,0,0.00%,MoonDa00,Darnell Mooney,nyg
WR,50,50.00%,0,0.00%,0,0.00%,FielMa00,Malachi Fields,nyg
WR,36,36.00%,0,0.00%,0,0.00%,NabeMa00,Malik Nabers,nyg
WR,11,11.00%,0,0.00%,0,0.00%,BeckOd00,Odell Beckham Jr.,nyg
C,67,94.37%,0,0.00%,6,20.69%,TippJo00,Joe Tippmann,nyj
C,67,94.37%,0,0.00%,0,0.00%,MyerJo00,Josh Myers,nyj
CB,0,0.00%,50,100.00%,0,0.00%,ThomAz00,Azareye'h Thomas,nyj
CB,0,0.00%,50,100.00%,0,0.00%,StepBr01,Brandon Stephens,nyj
CB,0,0.00%,0,0.00%,20,68.97%,StigQw00,Qwan'tez Stiggers,nyj
DB,0,0.00%,38,76.00%,0,0.00%,BrowJa09,Jarvis Brownlee,nyj
DB,0,0.00%,7,14.00%,21,72.41%,MoorMa04,Malachi Moore,nyj
DB,0,0.00%,0,0.00%,12,41.38%,WrigNa00,Nahshon Wright,nyj
DE,0,0.00%,17,34.00%,14,48.28%,McGrBr00,Braiden McGregor,nyj
DE,0,0.00%,35,70.00%,0,0.00%,BailDa02,David Bailey,nyj
DE,0,0.00%,33,66.00%,7,24.14%,EnagKi00,Kingsley Enagbare,nyj
DE,0,0.00%,25,50.00%,8,27.59%,McDoWi00,Will McDonald,nyj
DL,0,0.00%,8,16.00%,3,10.34%,JackDa06,Darrell Jackson Jr.,nyj
DL,0,0.00%,35,70.00%,9,31.03%,OnyeDa00,David Onyemata,nyj
DL,0,0.00%,27,54.00%,0,0.00%,PhilHa00,Harrison Phillips,nyj
DL,0,0.00%,10,20.00%,8,27.59%,BrigJo00,Jowon Briggs,nyj
DL,0,0.00%,15,30.00%,2,6.90%,SweaTV01,T'Vondre Sweat,nyj
FB,9,12.68%,0,0.00%,18,62.07%,BeckAn01,Andrew Beck,nyj
K,0,0.00%,0,0.00%,12,41.38%,SandJa00,Jason Sanders,nyj
LB,0,0.00%,50,100.00%,0,0.00%,DaviDe00,Demario Davis,nyj
LB,0,0.00%,0,0.00%,18,62.07%,MauiFr00,Francisco Mauigoa,nyj
LB,0,0.00%,45,90.00%,2,6.90%,SherJa00,Jamien Sherwood,nyj
LB,0,0.00%,5,10.00%,20,68.97%,McCrMa01,Marcelino McCrary-Ball,nyj
LS,0,0.00%,0,0.00%,9,31.03%,HennTh00,Thomas Hennessy,nyj
OL,0,0.00%,0,0.00%,6,20.69%,OkorCh00,Chukwuma Okorafor,nyj
OL,67,94.37%,0,0.00%,6,20.69%,ParhDy00,Dylan Parham,nyj
OL,0,0.00%,0,0.00%,6,20.69%,MitcMa02,Max Mitchell,nyj
OL,67,94.37%,0,0.00%,6,20.69%,FashOl00,Olu Fashanu,nyj
P,0,0.00%,0,0.00%,9,31.03%,McNaAu00,Austin McNamara,nyj
QB,67,94.37%,0,0.00%,0,0.00%,SmitGe00,Geno Smith,nyj
RB,27,38.03%,0,0.00%,0,0.00%,AlleBr05,Braelon Allen,nyj
RB,39,54.93%,0,0.00%,1,3.45%,HallBr03,Breece Hall,nyj
RB,0,0.00%,0,0.00%,18,62.07%,DaviIs00,Isaiah Davis,nyj
S,0,0.00%,44,88.00%,13,44.83%,CiscAn00,Andre Cisco,nyj
S,0,0.00%,50,100.00%,9,31.03%,BeltDa00,Dane Belton,nyj
S,0,0.00%,6,12.00%,0,0.00%,FitzMi00,Minkah Fitzpatrick,nyj
T,67,94.37%,0,0.00%,6,20.69%,MembAr00,Armand Membou,nyj
TE,16,22.54%,0,0.00%,1,3.45%,WoodJe01,Jelani Woods,nyj
TE,29,40.85%,0,0.00%,6,20.69%,RuckJe00,Jeremy Ruckert,nyj
TE,28,39.44%,0,0.00%,0,0.00%,SadiKe00,Kenyon Sadiq,nyj
TE,44,61.97%,0,0.00%,3,10.34%,TaylMa02,Mason Taylor,nyj
WR,46,64.79%,0,0.00%,1,3.45%,MitcAd00,Adonai Mitchell,nyj
WR,2,2.82%,0,0.00%,6,20.69%,SmitAr01,Arian Smith,nyj
WR,50,70.42%,0,0.00%,1,3.45%,WilsGa00,Garrett Wilson,nyj
WR,40,56.34%,0,0.00%,10,34.48%,WillIs03,Isaiah Williams,nyj
WR,5,7.04%,0,0.00%,0,0.00%,CoopOm00,Omar Cooper,nyj
C,55,98.21%,0,0.00%,0,0.00%,JurgCa01,Cam Jurgens,phi
C,0,0.00%,0,0.00%,4,12.12%,KendDr00,Drew Kendall,phi
C,0,0.00%,0,0.00%,4,12.12%,LampWi00,Willie Lampkin,phi
CB,0,0.00%,0,0.00%,4,12.12%,JoneJo03,Jonathan Jones,phi
CB,0,0.00%,0,0.00%,26,78.79%,RingKe00,Kelee Ringo,phi
CB,0,0.00%,0,0.00%,9,27.27%,McWiMa01,Mac McWilliams,phi
CB,0,0.00%,70,98.59%,0,0.00%,MitcQu00,Quinyon Mitchell,phi
DB,2,3.57%,70,98.59%,3,9.09%,DeJeCo00,Cooper DeJean,phi
DB,0,0.00%,6,8.45%,19,57.58%,CartMi02,Michael Carter II,phi
DT,0,0.00%,6,8.45%,4,12.12%,YounBy00,Byron Young,phi
DT,0,0.00%,66,92.96%,6,18.18%,CartJa05,Jalen Carter,phi
DT,0,0.00%,34,47.89%,9,27.27%,DaviJo03,Jordan Davis,phi
DT,0,0.00%,48,67.61%,6,18.18%,OjomMo00,Moro Ojomo,phi
DT,0,0.00%,0,0.00%,8,24.24%,RobiTy02,Ty Robinson,phi
G,55,98.21%,0,0.00%,4,12.12%,DickLa00,Landon Dickerson,phi
G,55,98.21%,0,0.00%,4,12.12%,SteeTy00,Tyler Steen,phi
K,0,0.00%,0,0.00%,9,27.27%,ElliJa03,Jake Elliott,phi
LB,0,0.00%,12,16.90%,6,18.18%,EpenAJ00,A.J. Epenesa,phi
LB,0,0.00%,28,39.44%,9,27.27%,EbikAr00,Arnold Ebiketie,phi
LB,0,0.00%,53,74.65%,6,18.18%,HuntJa02,Jalyx Hunt,phi
LB,0,0.00%,0,0.00%,24,72.73%,TrotJe01,Jeremiah Trotter Jr.,phi
LB,0,0.00%,67,94.37%,9,27.27%,CampJi00,Jihaad Campbell,phi
LB,0,0.00%,47,66.20%,2,6.06%,SmitNo02,Nolan Smith,phi
LB,0,0.00%,0,0.00%,20,60.61%,MondSm01,Smael Mondon,phi
LB,0,0.00%,70,98.59%,3,9.09%,BaunZa00,Zack Baun,phi
LS,0,0.00%,0,0.00%,11,33.33%,UndeRo00,Rocco Underwood,phi
P,0,0.00%,0,0.00%,11,33.33%,MannBr01,Braden Mann,phi
QB,55,98.21%,0,0.00%,0,0.00%,HurtJa00,Jalen Hurts,phi
RB,39,69.64%,0,0.00%,0,0.00%,BarkSa00,Saquon Barkley,phi
RB,6,10.71%,0,0.00%,11,33.33%,BigsTa00,Tank Bigsby,phi
RB,10,17.86%,0,0.00%,21,63.64%,ShipWi00,Will Shipley,phi
S,0,0.00%,70,98.59%,0,0.00%,MukuAn00,Andrew Mukuba,phi
S,0,0.00%,53,74.65%,5,15.15%,EppsMa00,Marcus Epps,phi
T,0,0.00%,0,0.00%,4,12.12%,JohnFr01,Fred Johnson,phi
T,55,98.21%,0,0.00%,4,12.12%,MailJo00,Jordan Mailata,phi
T,55,98.21%,0,0.00%,0,0.00%,JohnLa01,Lane Johnson,phi
T,0,0.00%,0,0.00%,4,12.12%,BellMa02,Markel Bell,phi
TE,52,92.86%,0,0.00%,1,3.03%,GoedDa00,Dallas Goedert,phi
TE,1,1.79%,0,0.00%,25,75.76%,JenkEJ00,E.J. Jenkins,phi
TE,20,35.71%,0,0.00%,12,36.36%,MundJo00,Johnny Mundt,phi
WR,0,0.00%,0,0.00%,6,18.18%,CoveBr00,Britain Covey,phi
WR,8,14.29%,0,0.00%,21,63.64%,CoopDa01,Darius Cooper,phi
WR,52,92.86%,0,0.00%,1,3.03%,SmitDe07,DeVonta Smith,phi
WR,50,89.29%,0,0.00%,0,0.00%,WickDo00,Dontayvion Wicks,phi
WR,35,62.50%,0,0.00%,0,0.00%,LemoMa00,Makai Lemon,phi
C,0,0.00%,0,0.00%,6,18.18%,McCoRy00,Ryan McCollum,pit
C,67,67.00%,0,0.00%,0,0.00%,FrazZa00,Zach Frazier,pit
CB,0,0.00%,60,98.36%,0,0.00%,SamuAs00,Asante Samuel Jr.,pit
CB,0,0.00%,0,0.00%,20,60.61%,EchoBr00,Brandin Echols,pit
CB,0,0.00%,1,1.64%,16,48.48%,EverDa00,Daylen Everette,pit
CB,3,3.00%,60,98.36%,0,0.00%,RamsJa00,Jalen Ramsey,pit
CB,0,0.00%,59,96.72%,0,0.00%,DeanJa00,Jamel Dean,pit
DB,0,0.00%,0,0.00%,5,15.15%,SlauDo00,Doneiko Slaughter,pit
DL,0,0.00%,18,29.51%,13,39.39%,BlacYa00,Yahya Black,pit
DT,0,0.00%,32,52.46%,11,33.33%,HeywCa01,Cameron Heyward,pit
DT,0,0.00%,24,39.34%,12,36.36%,HarmDe01,Derrick Harmon,pit
DT,0,0.00%,35,57.38%,1,3.03%,BentKe00,Keeanu Benton,pit
FB,8,8.00%,0,0.00%,17,51.52%,NowaRi00,Riley Nowakowski,pit
G,0,0.00%,0,0.00%,6,18.18%,HoffBr00,Brock Hoffman,pit
G,67,67.00%,0,0.00%,6,18.18%,McCoMa00,Mason McCormick,pit
K,0,0.00%,0,0.00%,11,33.33%,BoswCh00,Chris Boswell,pit
LB,0,0.00%,41,67.21%,0,0.00%,HighAl02,Alex Highsmith,pit
LB,0,0.00%,0,0.00%,24,72.73%,BrueCa00,Carson Bruener,pit
LB,0,0.00%,3,4.92%,17,51.52%,HolcCo00,Cole Holcomb,pit
LB,0,0.00%,23,37.70%,24,72.73%,SawyJa00,Jack Sawyer,pit
LB,0,0.00%,39,63.93%,11,33.33%,HerbNi00,Nick Herbig,pit
LB,0,0.00%,60,98.36%,0,0.00%,QueePa00,Patrick Queen,pit
LB,0,0.00%,57,93.44%,5,15.15%,WilsPa00,Payton Wilson,pit
LB,0,0.00%,38,62.30%,0,0.00%,WattT.00,T.J. Watt,pit
LS,0,0.00%,0,0.00%,10,30.30%,KuntCh02,Christian Kuntz,pit
OL,67,67.00%,0,0.00%,0,0.00%,AndeSp00,Spencer Anderson,pit
P,0,0.00%,0,0.00%,10,30.30%,JohnCa02,Cameron Johnston,pit
QB,67,67.00%,0,0.00%,0,0.00%,RodgAa00,Aaron Rodgers,pit
RB,3,3.00%,0,0.00%,13,39.39%,HeidEl00,Eli Heidenreich,pit
RB,25,25.00%,0,0.00%,0,0.00%,WarrJa01,Jaylen Warren,pit
RB,39,39.00%,0,0.00%,0,0.00%,DowdRi01,Rico Dowdle,pit
S,0,0.00%,60,98.36%,0,0.00%,BrisJa01,Jaquan Brisker,pit
S,0,0.00%,31,50.82%,10,30.30%,JenkRa00,Rayshawn Jenkins,pit
S,0,0.00%,0,0.00%,23,69.70%,SpeaRo01,Robert Spears-Jennings,pit
T,67,67.00%,0,0.00%,6,18.18%,CookDy00,Dylan Cook,pit
T,1,1.00%,0,0.00%,0,0.00%,IheaMa00,Max Iheanachor,pit
T,66,66.00%,0,0.00%,0,0.00%,FautTr00,Troy Fautanu,pit
TE,43,43.00%,0,0.00%,6,18.18%,WashDa03,Darnell Washington,pit
TE,49,49.00%,0,0.00%,4,12.12%,FreiPa00,Pat Freiermuth,pit
TE,2,2.00%,0,0.00%,4,12.12%,TonyRo00,Robert Tonyan,pit
WR,0,0.00%,0,0.00%,18,54.55%,SkowBe00,Ben Skowronek,pit
WR,64,64.00%,0,0.00%,0,0.00%,MetcDK00,D.K. Metcalf,pit
WR,3,3.00%,0,0.00%,4,12.12%,BernGe00,Germie Bernard,pit
WR,0,0.00%,0,0.00%,10,30.30%,WetjKa00,Kaden Wetjen,pit
WR,59,59.00%,0,0.00%,0,0.00%,PittMi01,Michael Pittman Jr.,pit
WR,37,37.00%,0,0.00%,0,0.00%,WilsRo02,Roman Wilson,pit
C,50,100.00%,0,0.00%,3,13.64%,SundJa00,Jalen Sundell,sea
CB,0,0.00%,0,0.00%,9,40.91%,SmitAv00,Avery Smith,sea
CB,0,0.00%,70,70.00%,2,9.09%,WithDe00,Devon Witherspoon,sea
CB,0,0.00%,70,70.00%,0,0.00%,JobeJo00,Josh Jobe,sea
CB,0,0.00%,0,0.00%,5,22.73%,NealJu00,Julian Neal,sea
CB,0,0.00%,53,53.00%,4,18.18%,PritNe00,Nehemiah Pritchett,sea
DE,0,0.00%,50,50.00%,2,9.09%,MurpBy01,Byron Murphy,sea
DE,0,0.00%,34,34.00%,2,9.09%,ReedJa02,Jarran Reed,sea
DT,0,0.00%,49,49.00%,2,9.09%,WillLe02,Leonard Williams,sea
DT,0,0.00%,16,16.00%,3,13.64%,MillRy02,Rylie Mills,sea
FB,17,34.00%,0,0.00%,20,90.91%,RussBr00,Brady Russell,sea
G,50,100.00%,0,0.00%,3,13.64%,BradAn00,Anthony Bradford,sea
G,0,0.00%,0,0.00%,3,13.64%,HaynCh00,Christian Haynes,sea
G,50,100.00%,0,0.00%,3,13.64%,ZabeGr00,Grey Zabel,sea
G,1,2.00%,0,0.00%,0,0.00%,JoneJo07,Josh Jones,sea
K,0,0.00%,0,0.00%,7,31.82%,MyerJa00,Jason Myers,sea
LB,0,0.00%,0,0.00%,17,77.27%,SurrCh00,Chazz Surratt,sea
LB,0,0.00%,0,0.00%,19,86.36%,OTooCo00,Connor O'Toole,sea
LB,0,0.00%,16,16.00%,2,9.09%,FowlDa00,Dante Fowler,sea
LB,0,0.00%,42,42.00%,2,9.09%,LawrDe00,DeMarcus Lawrence,sea
LB,0,0.00%,44,44.00%,2,9.09%,HallDe04,Derick Hall,sea
LB,0,0.00%,71,71.00%,5,22.73%,ThomDr00,Drake Thomas,sea
LB,0,0.00%,71,71.00%,2,9.09%,JoneEr01,Ernest Jones,sea
LB,0,0.00%,1,1.00%,17,77.27%,OConPa01,Patrick O'Connell,sea
LB,0,0.00%,14,14.00%,17,77.27%,KnigTy00,Tyrice Knight,sea
LB,0,0.00%,33,33.00%,0,0.00%,NwosUc00,Uchenna Nwosu,sea
LS,0,0.00%,0,0.00%,8,36.36%,StolCh00,Chris Stoll,sea
NT,0,0.00%,6,6.00%,3,13.64%,PiliBr00,Brandon Pili,sea
P,0,0.00%,0,0.00%,8,36.36%,DickMi00,Michael Dickson,sea
QB,45,90.00%,0,0.00%,0,0.00%,LockDr00,Drew Lock,sea
QB,5,10.00%,0,0.00%,0,0.00%,DarnSa00,Sam Darnold,sea
RB,3,6.00%,0,0.00%,0,0.00%,WilsEm00,Emanuel Wilson,sea
RB,23,46.00%,0,0.00%,9,40.91%,HolaGe00,George Holani,sea
RB,24,48.00%,0,0.00%,0,0.00%,PricJa02,Jadarian Price,sea
RB,0,0.00%,0,0.00%,17,77.27%,JoneVe00,Velus Jones Jr.,sea
S,0,0.00%,71,71.00%,2,9.09%,LoveJu00,Julian Love,sea
S,0,0.00%,70,70.00%,0,0.00%,ThomRo07,Rodney Thomas II,sea
T,50,100.00%,0,0.00%,3,13.64%,LucaAb00,Abraham Lucas,sea
T,50,100.00%,0,0.00%,3,13.64%,CrosCh00,Charles Cross,sea
TE,44,88.00%,0,0.00%,0,0.00%,BarnAJ00,AJ Barner,sea
TE,11,22.00%,0,0.00%,5,22.73%,ArroEl00,Elijah Arroyo,sea
TE,10,20.00%,0,0.00%,18,81.82%,SaubEr00,Eric Saubert,sea
WR,39,78.00%,0,0.00%,0,0.00%,KuppCo00,Cooper Kupp,sea
WR,45,90.00%,0,0.00%,0,0.00%,SmitJa06,Jaxon Smith-Njigba,sea
WR,0,0.00%,0,0.00%,7,31.82%,FostMo00,Montorie Foster,sea
WR,33,66.00%,0,0.00%,8,36.36%,ShahRa00,Rashid Shaheed,sea
CB,0,0.00%,8,12.90%,2,10.00%,JoneJa10,Jack Jones,sfo
CB,0,0.00%,61,98.39%,1,5.00%,GreeRe00,Renardo Green,sfo
CB,0,0.00%,36,58.06%,1,5.00%,StouUp00,Upton Stout,sfo
DB,0,0.00%,61,98.39%,2,10.00%,LenoDe00,Deommodore Lenoir,sfo
DB,0,0.00%,0,0.00%,13,65.00%,NealSi00,Siran Neal,sfo
DL,0,0.00%,23,37.10%,1,5.00%,WestCJ00,CJ West,sfo
DL,0,0.00%,31,50.00%,1,5.00%,HaltGr00,Gracen Halton,sfo
DL,0,0.00%,21,33.87%,0,0.00%,ThomJa06,James Thompson,sfo
DL,0,0.00%,30,48.39%,2,10.00%,WhitKe03,Keion White,sfo
DL,0,0.00%,19,30.65%,0,0.00%,KareKh00,Khalid Kareem,sfo
DL,0,0.00%,36,58.06%,1,5.00%,BosaNi00,Nick Bosa,sfo
DL,0,0.00%,18,29.03%,1,5.00%,OkorOg00,Ogbonnia Okoronkwo,sfo
DL,0,0.00%,36,58.06%,2,10.00%,OdigOs00,Osa Odighizuwa,sfo
DL,0,0.00%,30,48.39%,3,15.00%,HeigRo00,Romello Height,sfo
FB,33,49.25%,0,0.00%,6,30.00%,JuszKy00,Kyle Juszczyk,sfo
K,0,0.00%,0,0.00%,12,60.00%,PineEd00,Eddy Piñeiro,sfo
LB,0,0.00%,40,64.52%,1,5.00%,GreeDr00,Dre Greenlaw,sfo
LB,0,0.00%,53,85.48%,2,10.00%,WarnFr00,Fred Warner,sfo
LB,0,0.00%,13,20.97%,13,65.00%,WallGa00,Garret Wallow,sfo
LB,0,0.00%,34,54.84%,12,60.00%,DuggJa00,Jaden Dugger,sfo
LB,0,0.00%,0,0.00%,13,65.00%,GiffLu00,Luke Gifford,sfo
LS,0,0.00%,0,0.00%,8,40.00%,WeekJo00,Jon Weeks,sfo
OL,0,0.00%,0,0.00%,6,30.00%,WillCa05,Carver Willis,sfo
OL,65,97.01%,0,0.00%,6,30.00%,McKiCo00,Colton McKivitz,sfo
OL,65,97.01%,0,0.00%,6,30.00%,ColbCo00,Connor Colby,sfo
OL,65,97.01%,0,0.00%,6,30.00%,PuniDo00,Dominick Puni,sfo
OL,65,97.01%,0,0.00%,0,0.00%,BrenJa01,Jake Brendel,sfo
OL,0,0.00%,0,0.00%,6,30.00%,PattJa03,Jarrett Patterson,sfo
OL,0,0.00%,0,0.00%,6,30.00%,LoweVe00,Vederian Lowe,sfo
P,0,0.00%,0,0.00%,8,40.00%,WaitCo00,Corliss Waitman,sfo
QB,65,97.01%,0,0.00%,0,0.00%,PurdBr00,Brock Purdy,sfo
RB,36,53.73%,0,0.00%,0,0.00%,McCaCh01,Christian McCaffrey,sfo
RB,28,41.79%,0,0.00%,0,0.00%,BlacKa00,Kaelon Black,sfo
S,0,0.00%,0,0.00%,13,65.00%,DaviAs00,Ashtyn Davis,sfo
S,0,0.00%,55,88.71%,7,35.00%,BrowJi01,Ji'Ayir Brown,sfo
S,0,0.00%,6,9.68%,10,50.00%,MustMa00,Malik Mustapha,sfo
S,0,0.00%,61,98.39%,8,40.00%,SiglMa00,Marques Sigle,sfo
T,65,97.01%,0,0.00%,0,0.00%,WillTr21,Trent Williams,sfo
TE,30,44.78%,0,0.00%,0,0.00%,KittGe00,George Kittle,sfo
TE,8,11.94%,0,0.00%,4,20.00%,TongJa00,Jake Tonges,sfo
TE,46,68.66%,0,0.00%,18,90.00%,FarrLu00,Luke Farrell,sfo
WR,21,31.34%,0,0.00%,0,0.00%,StriDe01,De'Zhaun Stribling,sfo
WR,27,40.30%,0,0.00%,2,10.00%,SamuDe00,Deebo Samuel,sfo
WR,41,61.19%,0,0.00%,0,0.00%,RobiDe01,Demarcus Robinson,sfo
WR,5,7.46%,0,0.00%,5,25.00%,CowiJa00,Jacob Cowing,sfo
WR,1,1.49%,0,0.00%,12,60.00%,HodgKh00,KhaDarel Hodge,sfo
WR,49,73.13%,0,0.00%,0,0.00%,EvanMi00,Mike Evans,sfo
C,57,98.28%,0,0.00%,0,0.00%,BartGr00,Graham Barton,tam
CB,0,0.00%,43,64.18%,12,41.38%,MorrBe00,Benjamin Morrison,tam
CB,0,0.00%,20,29.85%,2,6.90%,ParrJa01,Jacob Parrish,tam
CB,0,0.00%,0,0.00%,15,51.72%,KnowKe00,Kevin Knowles,tam
CB,0,0.00%,63,94.03%,7,24.14%,McCoZy02,Zyon McCollum,tam
DB,0,0.00%,47,70.15%,1,3.45%,ScotKe01,Keionte Scott,tam
DL,0,0.00%,32,47.76%,7,24.14%,RobiAS00,A'Shawn Robinson,tam
DL,0,0.00%,40,59.70%,7,24.14%,KancCa00,Calijah Kancey,tam
DL,0,0.00%,16,23.88%,0,0.00%,RobeEl01,Elijah Roberts,tam
DL,0,0.00%,16,23.88%,0,0.00%,NuneRa00,Rakeem Nunez-Roches,tam
G,57,98.28%,0,0.00%,5,17.24%,BredBe00,Ben Bredeson,tam
G,57,98.28%,0,0.00%,5,17.24%,MaucCo00,Cody Mauch,tam
G,0,0.00%,0,0.00%,5,17.24%,HaggLu00,Luke Haggard,tam
K,0,0.00%,0,0.00%,11,37.93%,McLaCh00,Chase McLaughlin,tam
LB,0,0.00%,26,38.81%,1,3.45%,MuhaAl00,Al-Quadin Muhammad,tam
LB,0,0.00%,64,95.52%,7,24.14%,AnzaAl00,Alex Anzalone,tam
LB,0,0.00%,23,34.33%,15,51.72%,NelsAn01,Anthony Nelson,tam
LB,0,0.00%,0,0.00%,15,51.72%,WalkDa03,David Walker,tam
LB,0,0.00%,58,86.57%,12,41.38%,TrotJo00,Josiah Trotter,tam
LB,0,0.00%,41,61.19%,0,0.00%,BainRu00,Rueben Bain,tam
LB,0,0.00%,5,7.46%,15,51.72%,DennSi00,SirVocea Dennis,tam
LB,0,0.00%,40,59.70%,6,20.69%,DiabYa00,YaYa Diaby,tam
LS,0,0.00%,0,0.00%,5,17.24%,DeckEv00,Evan Deckers,tam
NT,0,0.00%,44,65.67%,7,24.14%,VeaxVi00,Vita Vea,tam
P,0,0.00%,0,0.00%,5,17.24%,DixoRi00,Riley Dixon,tam
QB,57,98.28%,0,0.00%,0,0.00%,MayfBa00,Baker Mayfield,tam
RB,35,60.34%,0,0.00%,0,0.00%,IrviBu00,Bucky Irving,tam
RB,0,0.00%,0,0.00%,5,17.24%,WillJo011,Josh Williams,tam
RB,26,44.83%,0,0.00%,9,31.03%,GainKe00,Kenneth Gainwell,tam
S,0,0.00%,62,92.54%,7,24.14%,WinfAn00,Antoine Winfield Jr.,tam
S,0,0.00%,0,0.00%,15,51.72%,MeliIf00,Ifeatu Melifonwu,tam
S,0,0.00%,2,2.99%,15,51.72%,KillMi00,Miles Killebrew,tam
S,0,0.00%,62,92.54%,7,24.14%,SmitTy05,Tykee Smith,tam
T,0,0.00%,0,0.00%,5,17.24%,ChukBe00,Benjamin Chukwuma,tam
T,57,98.28%,0,0.00%,5,17.24%,GoedLu00,Luke Goedeke,tam
T,57,98.28%,0,0.00%,5,17.24%,WirfTr00,Tristan Wirfs,tam
TE,1,1.72%,0,0.00%,15,51.72%,SharBa00,Bauer Sharp,tam
TE,56,96.55%,0,0.00%,0,0.00%,OttoCa00,Cade Otton,tam
TE,1,1.72%,0,0.00%,15,51.72%,KiefKo00,Ko Kieft,tam
TE,7,12.07%,0,0.00%,14,48.28%,DurhPa00,Payne Durham,tam
WR,49,84.48%,0,0.00%,0,0.00%,GodwCh00,Chris Godwin,tam
WR,49,84.48%,0,0.00%,0,0.00%,EgbuEm01,Emeka Egbuka,tam
WR,5,8.62%,0,0.00%,14,48.28%,JohnKa01,Kameron Johnson,tam
WR,43,74.14%,0,0.00%,0,0.00%,HursTe00,Ted Hurst,tam
WR,13,22.41%,0,0.00%,1,3.45%,JohnTe03,Tez Johnson,tam
C,50,100.00%,0,0.00%,0,0.00%,SchlAu00,Austin Schlottmann,oti
C,0,0.00%,0,0.00%,2,6.90%,CoogPa01,Pat Coogan,oti
CB,0,0.00%,67,89.33%,0,0.00%,TaylAl01,Alontae Taylor,oti
CB,0,0.00%,66,88.00%,0,0.00%,FlotCo00,Cordale Flott,oti
CB,0,0.00%,36,48.00%,2,6.90%,HarrMa10,Marcus Harris,oti
CB,0,0.00%,0,0.00%,25,86.21%,RobiMi01,Micah Robinson,oti
DE,0,0.00%,30,40.00%,5,17.24%,MartJa02,Jacob Martin,oti
DE,0,0.00%,41,54.67%,6,20.69%,JohnJe07,Jermaine Johnson II,oti
DE,0,0.00%,19,25.33%,0,0.00%,FaulKe01,Keldric Faulk,oti
DE,0,0.00%,21,28.00%,1,3.45%,OladOl00,Oluwafemi Oladejo,oti
DE,0,0.00%,3,4.00%,25,86.21%,JoneTr01,Truman Jones,oti
DL,0,0.00%,40,53.33%,0,0.00%,FranJo02,John Franklin-Myers,oti
DL,0,0.00%,21,28.00%,6,20.69%,ElliJo02,Jordan Elliott,oti
DT,0,0.00%,50,66.67%,6,20.69%,SimmJe01,Jeffery Simmons,oti
DT,0,0.00%,26,34.67%,0,0.00%,StacNa00,Nazir Stackhouse,oti
DT,0,0.00%,20,26.67%,0,0.00%,ThomSo00,Solomon Thomas,oti
G,50,100.00%,0,0.00%,0,0.00%,CarmFe00,Fernando Carmona,oti
G,0,0.00%,0,0.00%,2,6.90%,SlatJa01,Jackson Slater,oti
G,50,100.00%,0,0.00%,2,6.90%,SkorPe00,Peter Skoronski,oti
K,0,0.00%,0,0.00%,5,17.24%,SlyeJo00,Joey Slye,oti
LB,0,0.00%,67,89.33%,0,0.00%,HillAn01,Anthony Hill,oti
LB,0,0.00%,65,86.67%,0,0.00%,BartCo00,Cody Barton,oti
LB,0,0.00%,28,37.33%,25,86.21%,WillJa15,James Williams,oti
LB,0,0.00%,0,0.00%,25,86.21%,DiabMo00,Mohamoud Diabate,oti
LS,0,0.00%,0,0.00%,9,31.03%,CoxxMo00,Morgan Cox,oti
P,0,0.00%,0,0.00%,9,31.03%,TownTo01,Tommy Townsend,oti
QB,50,100.00%,0,0.00%,0,0.00%,WardCa00,Cam Ward,oti
RB,0,0.00%,0,0.00%,19,65.52%,ChesJu00,Julius Chestnut,oti
RB,26,52.00%,0,0.00%,0,0.00%,PollTo00,Tony Pollard,oti
RB,25,50.00%,0,0.00%,0,0.00%,SpeaTy00,Tyjae Spears,oti
S,0,0.00%,65,86.67%,0,0.00%,HookAm00,Amani Hooker,oti
S,0,0.00%,0,0.00%,23,79.31%,HallEr00,Erick Hallett,oti
S,0,0.00%,67,89.33%,3,10.34%,WinsKe02,Kevin Winston,oti
S,0,0.00%,0,0.00%,25,86.21%,BurgTe00,Terrell Burgess,oti
S,0,0.00%,4,5.33%,9,31.03%,AdamTo03,Tony Adams,oti
T,50,100.00%,0,0.00%,2,6.90%,MoorDa05,Dan Moore,oti
T,0,0.00%,0,0.00%,2,6.90%,HudsJa00,James Hudson,oti
T,50,100.00%,0,0.00%,2,6.90%,LathJC00,JC Latham,oti
TE,14,28.00%,0,0.00%,3,10.34%,BellDa00,Daniel Bellinger,oti
TE,0,0.00%,0,0.00%,21,72.41%,MartDa01,David Martin-Robinson,oti
TE,38,76.00%,0,0.00%,5,17.24%,HelmGu00,Gunnar Helm,oti
TE,0,0.00%,0,0.00%,19,65.52%,GranKy00,Kylen Granson,oti
WR,32,64.00%,0,0.00%,0,0.00%,RidlCa00,Calvin Ridley,oti
WR,44,88.00%,0,0.00%,0,0.00%,TateCa00,Carnell Tate,oti
WR,4,8.00%,0,0.00%,9,31.03%,DikeCh00,Chimere Dike,oti
WR,26,52.00%,0,0.00%,0,0.00%,AyomEl00,Elic Ayomanor,oti
WR,41,82.00%,0,0.00%,0,0.00%,RobiWa01,Wan'Dale Robinson,oti
C,70,70.00%,0,0.00%,4,12.12%,AlleNi00,Nick Allegretti,was
CB,0,0.00%,55,98.21%,0,0.00%,RobeAm00,Amik Robertson,was
CB,0,0.00%,0,0.00%,12,36.36%,MoreFa00,Fabian Moreau,was
CB,0,0.00%,54,96.43%,4,12.12%,SainMi00,Mike Sainristil,was
CB,0,0.00%,17,30.36%,2,6.06%,DougRa00,Rasul Douglas,was
DE,0,0.00%,29,51.79%,4,12.12%,OmenCh00,Charles Omenihu,was
DT,0,0.00%,34,60.71%,4,12.12%,PaynDa00,Daron Payne,was
DT,0,0.00%,32,57.14%,5,15.15%,KinlJa00,Javon Kinlaw,was
DT,0,0.00%,16,28.57%,1,3.03%,TuttSh00,Shy Tuttle,was
DT,0,0.00%,19,33.93%,2,6.06%,SettTi00,Tim Settle,was
G,70,70.00%,0,0.00%,4,12.12%,PaulCh00,Chris Paul,was
G,70,70.00%,0,0.00%,4,12.12%,CosmSa00,Samuel Cosmi,was
K,0,0.00%,0,0.00%,9,27.27%,StevDr00,Drew Stevens,was
LB,0,0.00%,29,51.79%,2,6.06%,LuvuFr00,Frankie Luvu,was
LB,0,0.00%,9,16.07%,5,15.15%,JeanJa00,Javontae Jean-Baptiste,was
LB,0,0.00%,9,16.07%,22,66.67%,MageJo00,Jordan Magee,was
LB,0,0.00%,13,23.21%,3,9.09%,JoseJo00,Joshua Josephs,was
LB,0,0.00%,42,75.00%,4,12.12%,ChaiKL00,K'Lavon Chaisson,was
LB,0,0.00%,0,0.00%,24,72.73%,MedrKa00,Kain Medrano,was
LB,0,0.00%,23,41.07%,22,66.67%,ChenLe00,Leo Chenal,was
LB,0,0.00%,46,82.14%,0,0.00%,OwehJa00,Odafe Oweh,was
LB,0,0.00%,48,85.71%,9,27.27%,StylSo01,Sonny Styles,was
LS,0,0.00%,0,0.00%,10,30.30%,OttxTy00,Tyler Ott,was
P,0,0.00%,0,0.00%,10,30.30%,WayxTr00,Tress Way,was
QB,70,70.00%,0,0.00%,0,0.00%,DaniJa02,Jayden Daniels,was
RB,34,34.00%,0,0.00%,0,0.00%,CrosJa00,Jacory Croskey-Merritt,was
RB,7,7.00%,0,0.00%,6,18.18%,AlleKa01,Kaytron Allen,was
RB,29,29.00%,0,0.00%,5,15.15%,WhitRa01,Rachaad White,was
S,0,0.00%,55,98.21%,15,45.45%,ReavJe00,Jeremy Reaves,was
S,0,0.00%,54,96.43%,0,0.00%,CrosNi00,Nick Cross,was
S,0,0.00%,0,0.00%,23,69.70%,ButlPe00,Percy Butler,was
S,0,0.00%,21,37.50%,22,66.67%,MartJa04,Quan Martin,was
S,0,0.00%,0,0.00%,22,66.67%,OwenTy00,Tyler Owens,was
T,1,1.00%,0,0.00%,4,12.12%,WyliAn00,Andrew Wylie,was
T,70,70.00%,0,0.00%,4,12.12%,ColeBr02,Brandon Coleman,was
T,70,70.00%,0,0.00%,4,12.12%,ConeJo00,Josh Conerly,was
TE,18,18.00%,0,0.00%,16,48.48%,SinnBe00,Ben Sinnott,was
TE,39,39.00%,0,0.00%,0,0.00%,OkonCh00,Chig Okonkwo,was
TE,2,2.00%,0,0.00%,27,81.82%,YankCo00,Colson Yankoff,was
TE,34,34.00%,0,0.00%,15,45.45%,BateJo00,John Bates,was
WR,26,26.00%,0,0.00%,0,0.00%,WillAn04,Antonio Williams,was
WR,37,37.00%,0,0.00%,0,0.00%,BrowDy00,Dyami Brown,was
WR,18,18.00%,0,0.00%,12,36.36%,LaneJa00,Jaylin Lane,was
WR,44,44.00%,0,0.00%,0,0.00%,DiggSt00,Stefon Diggs,was
WR,61,61.00%,0,0.00%,0,0.00%,McLaTe00,Terry McLaurin,was
